title,rating,year,actors,runtime,url
Hababam Sinifi,9.3,1975,Kemal Sunal;Münir Özkul;Halit Akçatepe;Tarik Akan,87,https://www.imdb.com//title/tt0252487/
Fantozzi,7.9,1975,Paolo Villaggio;Anna Mazzamauro;Gigi Reder;Giuseppe Anatrelli,108,https://www.imdb.com//title/tt0071486/
Mavi Boncuk,7.8,1975,Emel Sayin;Tarik Akan;Zeki Alasya;Metin Akpinar,79,https://www.imdb.com//title/tt0252695/
Sholay,8.2,1975,Sanjeev Kumar;Dharmendra;Amitabh Bachchan;Amjad Khan,204,https://www.imdb.com//title/tt0073707/
De zomer van de witte haai,8.0,1975,Roy Scheider;Robert Shaw;Richard Dreyfuss;Lorraine Gary,124,https://www.imdb.com//title/tt0073195/
Dog Day Afternoon,8.0,1975,Al Pacino;John Cazale;Penelope Allen;Sully Boyar,125,https://www.imdb.com//title/tt0072890/
Barry Lyndon,8.1,1975,Ryan O'Neal;Marisa Berenson;Patrick Magee;Hardy Krüger,185,https://www.imdb.com//title/tt0072684/
Deewaar,8.1,1975,Amitabh Bachchan;Shashi Kapoor;Nirupa Roy;Parveen Babi,174,https://www.imdb.com//title/tt0072860/
Zerkalo,8.1,1975,Margarita Terekhova;Filipp Yankovskiy;Ignat Daniltsev;Oleg Yankovskiy,107,https://www.imdb.com//title/tt0072443/
Amici miei,8.0,1975,Ugo Tognazzi;Gastone Moschin;Philippe Noiret;Duilio Del Prete,140,https://www.imdb.com//title/tt0072637/
Flåklypa Grand Prix,8.5,1975,Wenche Foss;Per Theodor Haugen;Harald Heide-Steen Jr.;Leif Juster,88,https://www.imdb.com//title/tt0073000/
Monty Python and the Holy Grail,8.2,1975,Graham Chapman;John Cleese;Eric Idle;Terry Gilliam,91,https://www.imdb.com//title/tt0071853/
Chupke Chupke,8.3,1975,Dharmendra;Sharmila Tagore;Amitabh Bachchan;Jaya Bachchan,146,https://www.imdb.com//title/tt0072783/
Dersu Uzala,8.3,1975,Maksim Munzuk;Yuriy Solomin;Mikhail Bychkov;Vladimir Khrulyov,142,https://www.imdb.com//title/tt0071411/
One Flew Over the Cuckoo's Nest,8.7,1975,Jack Nicholson;Louise Fletcher;Michael Berryman;Peter Brocco,133,https://www.imdb.com//title/tt0073486/
Bizim Aile,8.4,1975,Münir Özkul;Adile Nasit;Tarik Akan;Itir Esen,88,https://www.imdb.com//title/tt0456047/
Network,8.1,1976,Faye Dunaway;William Holden;Peter Finch;Robert Duvall,121,https://www.imdb.com//title/tt0074958/
Al-risâlah,9.0,1976,Abdallah Gheith;Mona Wassef;Hamdy Gheith;Ali Achmed Taram,207,https://www.imdb.com//title/tt0075143/
All the President's Men,8.0,1976,Dustin Hoffman;Robert Redford;Jack Warden;Martin Balsam,138,https://www.imdb.com//title/tt0074119/
The Message,8.2,1976,Anthony Quinn;Irene Papas;Michael Ansara;Johnny Sekka,177,https://www.imdb.com//title/tt0074896/
Cría cuervos,8.0,1976,Ana Torrent;Conchita Pérez;Mayte Sanchez;Geraldine Chaplin,105,https://www.imdb.com//title/tt0074360/
Tosun Pasa,9.0,1976,Kemal Sunal;Müjde Ar;Adile Nasit;Sener Sen,90,https://www.imdb.com//title/tt0253828/
Süt Kardesler,8.9,1976,Kemal Sunal;Sener Sen;Halit Akçatepe;Hale Soygazi,80,https://www.imdb.com//title/tt0253779/
Taxi Driver,8.2,1976,Robert De Niro;Jodie Foster;Cybill Shepherd;Albert Brooks,114,https://www.imdb.com//title/tt0075314/
Kapicilar Krali,8.4,1976,Kemal Sunal;Sevda Ferdag;Bilge Zobu;Sevket Altug,84,https://www.imdb.com//title/tt0252591/
Hababam Sinifi Sinifta Kaldi,8.9,1976,Kemal Sunal;Münir Özkul;Semra Özdamar;Adile Nasit,91,https://www.imdb.com//title/tt0252488/
Rocky,8.1,1976,Sylvester Stallone;Talia Shire;Burt Young;Carl Weathers,120,https://www.imdb.com//title/tt0075148/
Cet obscur objet du désir,7.9,1977,Fernando Rey;Carole Bouquet;Ángela Molina;Julien Bertheau,103,https://www.imdb.com//title/tt0075824/
Voskhozhdenie,8.3,1977,Boris Plotnikov;Vladimir Gostyukhin;Sergey Yakovlev;Lyudmila Polyakova,111,https://www.imdb.com//title/tt0075404/
Annie Hall,8.0,1977,Woody Allen;Diane Keaton;Tony Roberts;Carol Kane,93,https://www.imdb.com//title/tt0075686/
Opening Night,8.0,1977,Gena Rowlands;John Cassavetes;Ben Gazzara;Joan Blondell,144,https://www.imdb.com//title/tt0079672/
Hababam Sinifi Uyaniyor,8.8,1977,Tayfun Akalin;Tuncay Akça;Halit Akçatepe;Sitki Akçatepe,94,https://www.imdb.com//title/tt0252490/
Una giornata particolare,8.1,1977,Sophia Loren;Marcello Mastroianni;John Vernon;Françoise Berd,106,https://www.imdb.com//title/tt0076085/
Sakar Sakir,8.1,1977,Kemal Sunal;Adile Nasit;Ali Sen;Ünal Gürel,81,https://www.imdb.com//title/tt0253621/
Selvi Boylum Al Yazmalim,8.6,1977,Türkan Soray;Kadir Inanir;Ahmet Mekin;Hülya Tuglu,90,https://www.imdb.com//title/tt0263975/
Çöpçüler Krali,8.6,1977,Kemal Sunal;Sener Sen;Aysen Gruda;Ihsan Yüce,80,https://www.imdb.com//title/tt0253997/
De sterrenoorlogen,8.6,1977,Mark Hamill;Harrison Ford;Carrie Fisher;Alec Guinness,121,https://www.imdb.com//title/tt0076759/
Gülen Gözler,8.5,1977,Münir Özkul;Adile Nasit;Halit Akçatepe;Müjde Ar,97,https://www.imdb.com//title/tt0289967/
Saban Oglu Saban,8.7,1977,Kemal Sunal;Halit Akçatepe;Sener Sen;Sevda Aktolga,90,https://www.imdb.com//title/tt0253614/
Hababam Sinifi Tatilde,8.7,1977,Sevda Aktolga;Ahmet Ariman;Filiz Bozkurt;Aysen Gruda,97,https://www.imdb.com//title/tt0252489/
Sluzhebnyy roman,8.3,1977,Alisa Freyndlikh;Andrey Myagkov;Svetlana Nemolyaeva;Oleg Basilashvili,159,https://www.imdb.com//title/tt0076727/
Mimino,8.2,1977,Vakhtang Kikabidze;Frunzik Mkrtchyan;Elena Proklova;Evgeniy Leonov,95,https://www.imdb.com//title/tt0076391/
Höstsonaten,8.2,1978,Ingrid Bergman;Liv Ullmann;Lena Nyman;Halvar Björk,99,https://www.imdb.com//title/tt0077711/
The Deer Hunter,8.1,1978,Robert De Niro;Christopher Walken;John Cazale;John Savage,183,https://www.imdb.com//title/tt0077416/
Neseli Günler,8.7,1978,Münir Özkul;Adile Nasit;Sener Sen;Aysen Gruda,92,https://www.imdb.com//title/tt0765833/
Kibar Feyzo,8.7,1978,Kemal Sunal;Sener Sen;Ilyas Salman;Adile Nasit,83,https://www.imdb.com//title/tt0252597/
L'albero degli zoccoli,7.9,1978,Luigi Ornaghi;Francesca Moriggi;Omar Brignoli;Antonio Ferrari,186,https://www.imdb.com//title/tt0077138/
Dawn of the Dead,7.9,1978,David Emge;Ken Foree;Scott H. Reiniger;Gaylen Ross,127,https://www.imdb.com//title/tt0077402/
Being There,8.0,1979,Peter Sellers;Shirley MacLaine;Melvyn Douglas;Jack Warden,130,https://www.imdb.com//title/tt0078841/
Stalker,8.1,1979,Alisa Freyndlikh;Aleksandr Kaydanovskiy;Anatoliy Solonitsyn;Nikolay Grinko,162,https://www.imdb.com//title/tt0079944/
All That Jazz,7.9,1979,Roy Scheider;Jessica Lange;Ann Reinking;Leland Palmer,123,https://www.imdb.com//title/tt0078754/
Golmaal,8.6,1979,Amol Palekar;Bindiya Goswami;Deven Verma;Shubha Khote,120,https://www.imdb.com//title/tt0079221/
Apocalypse Now,8.4,1979,Martin Sheen;Marlon Brando;Robert Duvall;Frederic Forrest,147,https://www.imdb.com//title/tt0078788/
Korkusuz Korkak,8.1,1979,Kemal Sunal;Aysen Atav;Turgut Özatay;Nejat Gürçen,77,https://www.imdb.com//title/tt0252611/
Alien,8.4,1979,Sigourney Weaver;Tom Skerritt;John Hurt;Veronica Cartwright,117,https://www.imdb.com//title/tt0078748/
Manhattan,7.9,1979,Woody Allen;Diane Keaton;Mariel Hemingway;Michael Murphy,96,https://www.imdb.com//title/tt0079522/
Monty Python's Life of Brian,8.1,1979,Graham Chapman;John Cleese;Michael Palin;Terry Gilliam,94,https://www.imdb.com//title/tt0079470/
Amator,7.9,1979,Jerzy Stuhr;Malgorzata Zabkowska;Ewa Pokas;Stefan Czyzewski,112,https://www.imdb.com//title/tt0078763/
The Shining,8.4,1980,Jack Nicholson;Shelley Duvall;Danny Lloyd;Scatman Crothers,146,https://www.imdb.com//title/tt0081505/
Pixote: A Lei do Mais Fraco,8.0,1980,Fernando Ramos da Silva;Jorge Julião;Gilberto Moura;Edilson Lino,128,https://www.imdb.com//title/tt0082912/
Omar Mukhtar: Lion of the Desert,8.3,1980,Anthony Quinn;Oliver Reed;Rod Steiger;Irene Papas,173,https://www.imdb.com//title/tt0081059/
Moskva slezam ne verit,8.1,1980,Vera Alentova;Aleksey Batalov;Irina Muravyova;Aleksandr Fatyushin,150,https://www.imdb.com//title/tt0079579/
The Elephant Man,8.1,1980,Anthony Hopkins;John Hurt;Anne Bancroft;John Gielgud,124,https://www.imdb.com//title/tt0080678/
Kagemusha,8.0,1980,Tatsuya Nakadai;Tsutomu Yamazaki;Ken'ichi Hagiwara;Jinpachi Nezu,180,https://www.imdb.com//title/tt0080979/
Star Wars: Episode V - The Empire Strikes Back,8.7,1980,Mark Hamill;Harrison Ford;Carrie Fisher;Billy Dee Williams,124,https://www.imdb.com//title/tt0080684/
Zübük,8.6,1980,Kemal Sunal;Nevra Serezli;Kadir Savun;Bülent Kayabas,88,https://www.imdb.com//title/tt0253991/
Ko to tamo peva,8.8,1980,Pavle Vuisic;Dragan Nikolic;Danilo 'Bata' Stojkovic;Aleksandar Bercek,86,https://www.imdb.com//title/tt0076276/
The Blues Brothers,7.9,1980,John Belushi;Dan Aykroyd;Cab Calloway;John Candy,133,https://www.imdb.com//title/tt0080455/
'Breaker' Morant,7.9,1980,Edward Woodward;Jack Thompson;John Waters;Bryan Brown,107,https://www.imdb.com//title/tt0080310/
Le roi et l'oiseau,7.9,1980,Jean Martin;Pascal Mazzotti;Raymond Bussières;Agnès Viala,83,https://www.imdb.com//title/tt0079820/
Raging Bull,8.2,1980,Robert De Niro;Cathy Moriarty;Joe Pesci;Frank Vincent,129,https://www.imdb.com//title/tt0081398/
Davaro: Son Eskiya,8.1,1981,Kemal Sunal;Sener Sen;Pembe Mutlu;Aysen Gruda,94,https://www.imdb.com//title/tt0252361/
Mis,8.2,1981,Stanislaw Tym;Barbara Burska;Christine Paul;Krzysztof Kowalewski,111,https://www.imdb.com//title/tt0082755/
Indiana Jones and the Raiders of the Lost Ark,8.4,1981,Harrison Ford;Karen Allen;Paul Freeman;John Rhys-Davies,115,https://www.imdb.com//title/tt0082971/
Das Boot,8.3,1981,Jürgen Prochnow;Herbert Grönemeyer;Klaus Wennemann;Hubertus Bengsch,149,https://www.imdb.com//title/tt0082096/
Vuk,8.3,1981,Judit Pogány;József Gyabronka;Teri Földi;Gyula Szabó,79,https://www.imdb.com//title/tt0131636/
Çiçek Abbas,8.1,1982,Ilyas Salman;Sener Sen;Aysen Gruda;Pembe Mutlu,87,https://www.imdb.com//title/tt0263208/
Maratonci trce pocasni krug,8.9,1982,Bogdan Diklic;Danilo 'Bata' Stojkovic;Pavle Vuisic;Mija Aleksic,92,https://www.imdb.com//title/tt0084302/
Pink Floyd: The Wall,8.0,1982,Bob Geldof;Christine Hargreaves;James Laurenson;Eleanor David,95,https://www.imdb.com//title/tt0084503/
Angoor,8.3,1982,Sanjeev Kumar;Moushumi Chatterjee;Deven Verma;Aruna Irani,131,https://www.imdb.com//title/tt0215517/
Gandhi,8.0,1982,Ben Kingsley;John Gielgud;Rohini Hattangadi;Roshan Seth,191,https://www.imdb.com//title/tt0083987/
Fanny och Alexander,8.1,1982,Bertil Guve;Pernilla Allwin;Kristina Adolphson;Börje Ahlstedt,188,https://www.imdb.com//title/tt0083922/
Blade Runner,8.1,1982,Harrison Ford;Rutger Hauer;Sean Young;Edward James Olmos,117,https://www.imdb.com//title/tt0083658/
Yol,8.1,1982,Tarik Akan;Serif Sezer;Halil Ergün;Meral Orhonsay,114,https://www.imdb.com//title/tt0084934/
Fitzcarraldo,8.1,1982,Klaus Kinski;Claudia Cardinale;José Lewgoy;Miguel Ángel Fuentes,158,https://www.imdb.com//title/tt0083946/
The Thing,8.1,1982,Kurt Russell;Wilford Brimley;Keith David;Richard Masur,109,https://www.imdb.com//title/tt0084787/
Tokatçi,7.8,1983,Kemal Sunal;Nazan Saatçi;Sevket Altug;Ali Sen,83,https://www.imdb.com//title/tt0253822/
Star Wars: Episode VI - Return of the Jedi,8.3,1983,Mark Hamill;Harrison Ford;Carrie Fisher;Billy Dee Williams,131,https://www.imdb.com//title/tt0086190/
A Christmas Story,7.9,1983,Peter Billingsley;Melinda Dillon;Darren McGavin;Scott Schwartz,93,https://www.imdb.com//title/tt0085334/
Narayama bushikô,7.9,1983,Ken Ogata;Sumiko Sakamoto;Tonpei Hidari;Aki Takejô,130,https://www.imdb.com//title/tt0084390/
El sur,7.9,1983,Omero Antonutti;Sonsoles Aranguren;Icíar Bollaín;Lola Cardona,95,https://www.imdb.com//title/tt0084740/
Scarface,8.3,1983,Al Pacino;Michelle Pfeiffer;Steven Bauer;Mary Elizabeth Mastrantonio,170,https://www.imdb.com//title/tt0086250/
Hadashi no Gen,8.0,1983,Issei Miyazaki;Catherine Battistone;Yoshie Shimamura;Iona Morris,83,https://www.imdb.com//title/tt0085218/
Nostalgia,8.1,1983,Oleg Yankovskiy;Erland Josephson;Domiziana Giordano;Patrizia Terreno,125,https://www.imdb.com//title/tt0086022/
Jaane Bhi Do Yaaro,8.4,1983,Naseeruddin Shah;Ravi Baswani;Bhakti Barve;Satish Shah,132,https://www.imdb.com//title/tt0085743/
Sekerpare,8.0,1983,Ilyas Salman;Sener Sen;Yaprak Özdemiroglu;Aysen Gruda,90,https://www.imdb.com//title/tt0494823/
This Is Spinal Tap,7.9,1984,Rob Reiner;Michael McKean;Christopher Guest;Kimberly Stringer,82,https://www.imdb.com//title/tt0088258/
"Paris, Texas",8.1,1984,Harry Dean Stanton;Nastassja Kinski;Dean Stockwell;Sam Berry,145,https://www.imdb.com//title/tt0087884/
De uitroeier,8.0,1984,Arnold Schwarzenegger;Linda Hamilton;Michael Biehn;Paul Winfield,107,https://www.imdb.com//title/tt0088247/
Namuslu,8.1,1984,Sener Sen;Adile Nasit;Aysen Gruda;Erdal Özyagcilar,93,https://www.imdb.com//title/tt0263776/
Kaze no tani no Naushika,8.1,1984,Sumi Shimamoto;Mahito Tsujimura;Hisako Kyôda;Gorô Naya,117,https://www.imdb.com//title/tt0087544/
Balkanski spijun,8.9,1984,Danilo 'Bata' Stojkovic;Bora Todorovic;Mira Banjac;Sonja Savic,95,https://www.imdb.com//title/tt0086935/
Amadeus,8.3,1984,F. Murray Abraham;Tom Hulce;Elizabeth Berridge;Roy Dotrice,160,https://www.imdb.com//title/tt0086879/
Varljivo leto '68,8.5,1984,Slavko Stimac;Danilo 'Bata' Stojkovic;Mira Banjac;Mija Aleksic,91,https://www.imdb.com//title/tt0088338/
Once Upon a Time in America,8.3,1984,Robert De Niro;James Woods;Elizabeth McGovern;Treat Williams,229,https://www.imdb.com//title/tt0087843/
Idi i smotri,8.3,1985,Aleksey Kravchenko;Olga Mironova;Liubomiras Laucevicius;Vladas Bagdonas,142,https://www.imdb.com//title/tt0091251/
Brazil,7.9,1985,Jonathan Pryce;Kim Greist;Robert De Niro;Katherine Helmond,132,https://www.imdb.com//title/tt0088846/
Esperando la carroza,8.1,1985,Luis Brandoni;China Zorrilla;Antonio Gasalla;Julio De Grazia,94,https://www.imdb.com//title/tt0089108/
Zügürt Aga,8.7,1985,Sener Sen;Erdal Özyagcilar;Nilgün Nazli;Füsun Demirel,101,https://www.imdb.com//title/tt0201368/
Terug naar de toekomst,8.5,1985,Michael J. Fox;Christopher Lloyd;Lea Thompson;Crispin Glover,116,https://www.imdb.com//title/tt0088763/
Ran,8.2,1985,Tatsuya Nakadai;Akira Terao;Jinpachi Nezu;Daisuke Ryû,162,https://www.imdb.com//title/tt0089881/
Tampopo,8.0,1985,Ken Watanabe;Tsutomu Yamazaki;Nobuko Miyamoto;Kôji Yakusho,114,https://www.imdb.com//title/tt0092048/
Mishima: A Life in Four Chapters,8.0,1985,Ken Ogata;Masayuki Shionoya;Hiroshi Mikami;Junya Fukuda,120,https://www.imdb.com//title/tt0089603/
Macskafogó,8.4,1986,Miklós Benedek;Gyula Bodrogi;Ilona Béres;Péter Haumann,96,https://www.imdb.com//title/tt0179955/
Jean de Florette,8.0,1986,Yves Montand;Gérard Depardieu;Daniel Auteuil;Elisabeth Depardieu,120,https://www.imdb.com//title/tt0091288/
Aliens,8.3,1986,Sigourney Weaver;Michael Biehn;Carrie Henn;Paul Reiser,137,https://www.imdb.com//title/tt0090605/
Platoon,8.1,1986,Charlie Sheen;Tom Berenger;Willem Dafoe;Keith David,120,https://www.imdb.com//title/tt0091763/
Kin-dza-dza!,8.0,1986,Stanislav Lyubshin;Evgeniy Leonov;Yuriy Yakovlev;Levan Gabriadze,135,https://www.imdb.com//title/tt0091341/
Manon des sources,8.0,1986,Yves Montand;Emmanuelle Béart;Daniel Auteuil;Hippolyte Girardot,113,https://www.imdb.com//title/tt0091480/
Tenkû no shiro Rapyuta,8.0,1986,Mayumi Tanaka;Keiko Yokozawa;Kotoe Hatsui;Minori Terada,125,https://www.imdb.com//title/tt0092067/
Sacrifice,8.0,1986,Erland Josephson;Susan Fleetwood;Allan Edwall;Guðrún Gísladóttir,149,https://www.imdb.com//title/tt0091670/
Hannah and Her Sisters,7.9,1986,Mia Farrow;Dianne Wiest;Michael Caine;Barbara Hershey,107,https://www.imdb.com//title/tt0091167/
Stand by Me,8.1,1986,Wil Wheaton;River Phoenix;Corey Feldman;Jerry O'Connell,89,https://www.imdb.com//title/tt0092005/
Full Metal Jacket,8.3,1987,Matthew Modine;R. Lee Ermey;Vincent D'Onofrio;Adam Baldwin,116,https://www.imdb.com//title/tt0093058/
Der Himmel über Berlin,8.0,1987,Bruno Ganz;Solveig Dommartin;Otto Sander;Curt Bois,128,https://www.imdb.com//title/tt0093191/
Khane-ye doust kodjast?,8.1,1987,Babek Ahmed Poor;Ahmed Ahmed Poor;Khodabakhsh Defaei;Iran Outari,83,https://www.imdb.com//title/tt0093342/
Muhsin Bey,8.5,1987,Sener Sen;Ugur Yücel;Sermin Hürmeriç;Osman Cavci,119,https://www.imdb.com//title/tt0184756/
Au revoir les enfants,8.0,1987,Gaspard Manesse;Raphael Fejtö;Francine Racette;Stanislas Carré de Malberg,104,https://www.imdb.com//title/tt0092593/
Nayakan,8.7,1987,Kamal Haasan;Saranya Ponvannan;Delhi Ganesh;Janakaraj,145,https://www.imdb.com//title/tt0093603/
The Untouchables,7.9,1987,Kevin Costner;Sean Connery;Robert De Niro;Charles Martin Smith,119,https://www.imdb.com//title/tt0094226/
Matewan,7.9,1987,Chris Cooper;James Earl Jones;Mary McDonnell;Will Oldham,135,https://www.imdb.com//title/tt0093509/
The Princess Bride,8.1,1987,Cary Elwes;Mandy Patinkin;Robin Wright;Chris Sarandon,98,https://www.imdb.com//title/tt0093779/
Hachikô monogatari,8.1,1987,Tatsuya Nakadai;Kaoru Yachigusa;Toshinori Omi;Toshirô Yanagiba,107,https://www.imdb.com//title/tt0093132/
Nuovo Cinema Paradiso,8.5,1988,Philippe Noiret;Enzo Cannavale;Antonella Attili;Isa Danieli,155,https://www.imdb.com//title/tt0095765/
Die Hard,8.2,1988,Bruce Willis;Alan Rickman;Bonnie Bedelia;Reginald VelJohnson,132,https://www.imdb.com//title/tt0095016/
Chithram,8.6,1988,Mohanlal;Nedumudi Venu;Renjini;Poornam Vishwanathan,159,https://www.imdb.com//title/tt0214585/
Dom za vesanje,8.1,1988,Davor Dujmovic;Bora Todorovic;Ljubica Adzovic;Husnija Hasimovic,142,https://www.imdb.com//title/tt0097223/
Hotaru no haka,8.5,1988,Tsutomu Tatsumi;Ayano Shiraishi;Akemi Yamaguchi;Yoshiko Shinohara,89,https://www.imdb.com//title/tt0095327/
Krótki film o zabijaniu,8.0,1988,Miroslaw Baka;Krzysztof Globisz;Jan Tesarz;Zbigniew Zapasiewicz,84,https://www.imdb.com//title/tt0095468/
Rain Man,8.0,1988,Dustin Hoffman;Tom Cruise;Valeria Golino;Gerald R. Molen,133,https://www.imdb.com//title/tt0095953/
Salaam Bombay!,8.0,1988,Shafiq Syed;Anjaan;Amrit Patel;Murari Sharma,113,https://www.imdb.com//title/tt0096028/
Krótki film o milosci,8.2,1988,Grazyna Szapolowska;Olaf Lubaszenko;Stefania Iwinska;Piotr Machalica,87,https://www.imdb.com//title/tt0095467/
Tonari no Totoro,8.2,1988,Hitoshi Takagi;Noriko Hidaka;Chika Sakamoto;Shigesato Itoi,86,https://www.imdb.com//title/tt0096283/
Akira,8.0,1988,Mitsuo Iwata;Nozomu Sasaki;Mami Koyama;Tesshô Genda,124,https://www.imdb.com//title/tt0094625/
Topio stin omihli,8.0,1988,Michalis Zeke;Tania Palaiologou;Stratos Tzortzoglou;Eva Kotamanidou,127,https://www.imdb.com//title/tt0096288/
Uçurtmayi Vurmasinlar,8.4,1989,Ozan Bilen;Nur Sürer;Füsun Demirel;Güzin Özipek,100,https://www.imdb.com//title/tt0098573/
Arabesk,8.1,1989,Sener Sen;Müjde Ar;Ugur Yücel;Necati Bilgiç,105,https://www.imdb.com//title/tt0263065/
Dead Poets Society,8.1,1989,Robin Williams;Robert Sean Leonard;Ethan Hawke;Josh Charles,128,https://www.imdb.com//title/tt0097165/
My Left Foot: The Story of Christy Brown,7.9,1989,Daniel Day-Lewis;Brenda Fricker;Alison Whelan;Kirsten Sheridan,103,https://www.imdb.com//title/tt0097937/
Crimes and Misdemeanors,7.9,1989,Martin Landau;Woody Allen;Bill Bernstein;Claire Bloom,104,https://www.imdb.com//title/tt0097123/
Kiki's vliegende koeriersdienst,7.9,1989,Kirsten Dunst;Minami Takayama;Rei Sakuma;Kappei Yamaguchi,103,https://www.imdb.com//title/tt0097814/
Indiana Jones and the Last Crusade,8.2,1989,Harrison Ford;Sean Connery;Alison Doody;Denholm Elliott,127,https://www.imdb.com//title/tt0097576/
Do the Right Thing,8.0,1989,Danny Aiello;Ossie Davis;Ruby Dee;Richard Edson,120,https://www.imdb.com//title/tt0097216/
Kireedam,8.9,1989,Mohanlal;Thilakan;Kaviyoor Ponnamma;Parvathi,124,https://www.imdb.com//title/tt0237376/
Oru Vadakkan Veeragatha,8.8,1989,Mammootty;Madhavi;Devan;Suresh Gopi,168,https://www.imdb.com//title/tt0230597/
Hamoun,8.0,1990,Pantea Bahram;Ezzatolah Entezami;Bita Farahi;Sedigheh Kianfar,120,https://www.imdb.com//title/tt0099729/
Dances with Wolves,8.0,1990,Kevin Costner;Mary McDonnell;Graham Greene;Rodney A. Grant,181,https://www.imdb.com//title/tt0099348/
Goodfellas,8.7,1990,Robert De Niro;Ray Liotta;Joe Pesci;Lorraine Bracco,146,https://www.imdb.com//title/tt0099685/
Nema-ye Nazdik,8.3,1990,Hossain Sabzian;Mohsen Makhmalbaf;Abolfazl Ahankhah;Mehrdad Ahankhah,98,https://www.imdb.com//title/tt0100234/
Edward Scissorhands,7.9,1990,Johnny Depp;Winona Ryder;Dianne Wiest;Anthony Michael Hall,105,https://www.imdb.com//title/tt0099487/
Belle en het Beest,8.0,1991,Paige O'Hara;Robby Benson;Jesse Corti;Rex Everhart,84,https://www.imdb.com//title/tt0101414/
Da hong deng long gao gao gua,8.1,1991,Gong Li;Jingwu Ma;Saifei He;Cuifen Cao,125,https://www.imdb.com//title/tt0101640/
The Silence of the Lambs,8.6,1991,Jodie Foster;Anthony Hopkins;Lawrence A. Bonney;Kasi Lemmons,118,https://www.imdb.com//title/tt0102926/
Thalapathi,8.5,1991,Rajinikanth;Mammootty;Shobana;Arvind Swamy,157,https://www.imdb.com//title/tt0101649/
Terminator 2: Judgment Day,8.5,1991,Arnold Schwarzenegger;Linda Hamilton;Edward Furlong;Robert Patrick,137,https://www.imdb.com//title/tt0103064/
Pappa ante Portas,7.9,1991,Evelyn Hamann;Vicco von Bülow;Irm Hermann;Hans-Peter Korff,89,https://www.imdb.com//title/tt0102629/
JFK,8.0,1991,Kevin Costner;Gary Oldman;Jack Lemmon;Walter Matthau,189,https://www.imdb.com//title/tt0102138/
Gu ling jie shao nian sha ren shi jian,8.4,1991,Chang Chen;Lisa Yang;Kuo-Chu Chang;Elaine Jin,237,https://www.imdb.com//title/tt0101985/
Tito i ja,8.0,1992,Dimitrije Vojnov;Lazar Ristovski;Predrag 'Miki' Manojlovic;Anica Dobra,118,https://www.imdb.com//title/tt0105602/
Unforgiven,8.2,1992,Clint Eastwood;Gene Hackman;Morgan Freeman;Richard Harris,130,https://www.imdb.com//title/tt0105695/
Roja,8.2,1992,Arvind Swamy;Madhoo;Pankaj Kapur;Nassar,137,https://www.imdb.com//title/tt0105271/
Mi nismo andjeli,8.4,1992,Nikola Kojo;Milena Pavlovic;Branka Katic;Srdjan 'Zika' Todorovic,98,https://www.imdb.com//title/tt0104860/
Scent of a Woman,8.0,1992,Al Pacino;Chris O'Donnell;James Rebhorn;Gabrielle Anwar,156,https://www.imdb.com//title/tt0105323/
Aladdin,8.0,1992,Scott Weinger;Robin Williams;Linda Larkin;Jonathan Freeman,90,https://www.imdb.com//title/tt0103639/
Reservoir Dogs,8.3,1992,Harvey Keitel;Tim Roth;Michael Madsen;Chris Penn,99,https://www.imdb.com//title/tt0105236/
And Life Goes on...,7.9,1992,Farhad Kheradmand;Buba Bayour;Hossein Rezai;Hocine Rifahi,95,https://www.imdb.com//title/tt0105888/
Thevar Magan,8.7,1992,Kamal Haasan;Shivaji Ganesan;Nassar;Revathi,145,https://www.imdb.com//title/tt0105575/
Jo Jeeta Wohi Sikandar,8.2,1992,Aamir Khan;Ayesha Jhulka;Deepak Tijori;Pooja Bedi,174,https://www.imdb.com//title/tt0104561/
In the Name of the Father,8.1,1993,Daniel Day-Lewis;Pete Postlethwaite;Alison Crosbie;Philip King,133,https://www.imdb.com//title/tt0107207/
The Nightmare Before Christmas,8.0,1993,Danny Elfman;Chris Sarandon;Catherine O'Hara;William Hickey,76,https://www.imdb.com//title/tt0107688/
Groundhog Day,8.0,1993,Bill Murray;Andie MacDowell;Chris Elliott;Stephen Tobolowsky,101,https://www.imdb.com//title/tt0107048/
Bound by Honor,8.0,1993,Damian Chapa;Jesse Borrego;Benjamin Bratt;Enrique Castillo,180,https://www.imdb.com//title/tt0106469/
Ba wang bie ji,8.1,1993,Leslie Cheung;Fengyi Zhang;Gong Li;You Ge,171,https://www.imdb.com//title/tt0106332/
Devasuram,8.7,1993,Mohanlal;Revathi;Nedumudi Venu;Innocent,187,https://www.imdb.com//title/tt0291855/
Carlito's Way,7.9,1993,Al Pacino;Sean Penn;Penelope Ann Miller;John Leguizamo,144,https://www.imdb.com//title/tt0106519/
Manichitrathazhu,8.8,1993,Mohanlal;Shobana;Suresh Gopi;Vinaya Prasad,169,https://www.imdb.com//title/tt0214915/
Schindler's List,8.9,1993,Liam Neeson;Ralph Fiennes;Ben Kingsley;Caroline Goodall,195,https://www.imdb.com//title/tt0108052/
Jûbê ninpûchô,7.9,1993,Kôichi Yamadera;Emi Shinohara;Takeshi Aono;Osamu Saka,94,https://www.imdb.com//title/tt0107692/
Trois couleurs: Bleu,7.9,1993,Juliette Binoche;Zbigniew Zamachowski;Julie Delpy;Benoît Régent,94,https://www.imdb.com//title/tt0108394/
Jurassic Park,8.1,1993,Sam Neill;Laura Dern;Jeff Goldblum;Richard Attenborough,127,https://www.imdb.com//title/tt0107290/
True Romance,7.9,1993,Christian Slater;Patricia Arquette;Dennis Hopper;Val Kilmer,119,https://www.imdb.com//title/tt0108399/
Forrest Gump,8.8,1994,Tom Hanks;Robin Wright;Gary Sinise;Sally Field,142,https://www.imdb.com//title/tt0109830/
Léon,8.5,1994,Jean Reno;Gary Oldman;Natalie Portman;Danny Aiello,110,https://www.imdb.com//title/tt0110413/
Andaz Apna Apna,8.1,1994,Aamir Khan;Salman Khan;Raveena Tandon;Karisma Kapoor,160,https://www.imdb.com//title/tt0109117/
Sátántangó,8.4,1994,Mihály Vig;Putyi Horváth;László feLugossy;Éva Almássy Albert,439,https://www.imdb.com//title/tt0111341/
Trois couleurs: Rouge,8.1,1994,Irène Jacob;Jean-Louis Trintignant;Frédérique Feder;Jean-Pierre Lorit,99,https://www.imdb.com//title/tt0111495/
The Shawshank Redemption,9.3,1994,Tim Robbins;Morgan Freeman;Bob Gunton;William Sadler,142,https://www.imdb.com//title/tt0111161/
Pred dozhdot,8.0,1994,Katrin Cartlidge;Rade Serbedzija;Grégoire Colin;Josif Josifovski,113,https://www.imdb.com//title/tt0110882/
Huo zhe,8.3,1994,You Ge;Gong Li;Ben Niu;Wu Jiang,133,https://www.imdb.com//title/tt0110081/
Once Were Warriors,7.9,1994,Rena Owen;Temuera Morrison;Mamaengaroa Kerr-Bell;Julian Arahanga,102,https://www.imdb.com//title/tt0110729/
Utomlennye solntsem,7.9,1994,Nikita Mikhalkov;Ingeborga Dapkunaite;Oleg Menshikov;Nadezhda Mikhalkova,135,https://www.imdb.com//title/tt0111579/
The Lion King,8.5,1994,Matthew Broderick;Jeremy Irons;James Earl Jones;Whoopi Goldberg,88,https://www.imdb.com//title/tt0110357/
Pulp Fiction,8.9,1994,John Travolta;Uma Thurman;Samuel L. Jackson;Bruce Willis,154,https://www.imdb.com//title/tt0110912/
Chung Hing sam lam,8.1,1994,Brigitte Lin;Takeshi Kaneshiro;Tony Chiu-Wai Leung;Faye Wong,102,https://www.imdb.com//title/tt0109424/
Toy Story,8.3,1995,Tom Hanks;Tim Allen;Don Rickles;Jim Varney,81,https://www.imdb.com//title/tt0114709/
Underground,8.1,1995,Predrag 'Miki' Manojlovic;Lazar Ristovski;Mirjana Jokovic;Slavko Stimac,170,https://www.imdb.com//title/tt0114787/
Spadikam,8.6,1995,Mohanlal;Thilakan;Sphadikam George;Urvashi,150,https://www.imdb.com//title/tt0292246/
Love Letter,7.9,1995,Miho Nakayama;Etsushi Toyokawa;Bunjaku Han;Katsuyuki Shinohara,117,https://www.imdb.com//title/tt0113703/
Dilwale Dulhania Le Jayenge,8.1,1995,Shah Rukh Khan;Kajol;Amrish Puri;Farida Jalal,189,https://www.imdb.com//title/tt0112870/
The Usual Suspects,8.5,1995,Kevin Spacey;Gabriel Byrne;Chazz Palminteri;Stephen Baldwin,106,https://www.imdb.com//title/tt0114814/
Braveheart,8.3,1995,Mel Gibson;Sophie Marceau;Patrick McGoohan;Angus Macfadyen,178,https://www.imdb.com//title/tt0112573/
Sai yau gei: Sin leui kei yun,8.0,1995,Stephen Chow;Man-Tat Ng;Athena Chu;Ada Choi,98,https://www.imdb.com//title/tt0114996/
Before Sunrise,8.1,1995,Ethan Hawke;Julie Delpy;Andrea Eckert;Hanno Pöschl,101,https://www.imdb.com//title/tt0112471/
Bombay,8.1,1995,Arvind Swamy;Manisha Koirala;Nassar;Kitty,141,https://www.imdb.com//title/tt0112553/
12 Monkeys,8.0,1995,Bruce Willis;Madeleine Stowe;Brad Pitt;Joseph Melito,129,https://www.imdb.com//title/tt0114746/
Kôkaku Kidôtai,8.0,1995,Atsuko Tanaka;Iemasa Kayumi;Akio Ôtsuka;Kôichi Yamadera,83,https://www.imdb.com//title/tt0113568/
Seven,8.6,1995,Morgan Freeman;Brad Pitt;Kevin Spacey;Andrew Kevin Walker,127,https://www.imdb.com//title/tt0114369/
Baasha,8.3,1995,Rajinikanth;Nagma;Raghuvaran;Vijayakumar,145,https://www.imdb.com//title/tt0139876/
Casino,8.2,1995,Robert De Niro;Sharon Stone;Joe Pesci;James Woods,178,https://www.imdb.com//title/tt0112641/
La haine,8.1,1995,Vincent Cassel;Hubert Koundé;Saïd Taghmaoui;Abdel Ahmed Ghili,98,https://www.imdb.com//title/tt0113247/
Heat,8.2,1995,Al Pacino;Robert De Niro;Val Kilmer;Jon Voight,170,https://www.imdb.com//title/tt0113277/
Mimi wo sumaseba,7.9,1995,Yoko Honna;Issey Takahashi;Takashi Tachibana;Shigeru Muroi,111,https://www.imdb.com//title/tt0113824/
The Grass Harp,8.0,1995,Piper Laurie;Sissy Spacek;Walter Matthau;Edward Furlong,107,https://www.imdb.com//title/tt0113211/
Poove Unakkaga,8.7,1996,Anju Aravind;Madhan Bob;Charlie;Jai Ganesh,150,https://www.imdb.com//title/tt2325915/
Eskiya,8.2,1996,Sener Sen;Ugur Yücel;Sermin Hürmeriç;Yesim Salkim,128,https://www.imdb.com//title/tt0116231/
Trainspotting,8.1,1996,Ewan McGregor;Ewen Bremner;Jonny Lee Miller;Kevin McKidd,93,https://www.imdb.com//title/tt0117951/
Lepa sela lepo gore,8.7,1996,Dragan Bjelogrlic;Nikola Kojo;Dragan Maksimovic;Zoran Cvijanovic,115,https://www.imdb.com//title/tt0116860/
Tian mi mi,8.1,1996,Maggie Cheung;Leon Lai;Eric Tsang;Kristy Yeung,118,https://www.imdb.com//title/tt0117905/
Indian,8.1,1996,Kamal Haasan;Sukanya;Manisha Koirala;Urmila Matondkar,185,https://www.imdb.com//title/tt0116630/
Sling Blade,8.0,1996,Billy Bob Thornton;Dwight Yoakam;J.T. Walsh;John Ritter,135,https://www.imdb.com//title/tt0117666/
Secrets and Lies,8.0,1996,Timothy Spall;Brenda Blethyn;Phyllis Logan;Claire Rushbrook,136,https://www.imdb.com//title/tt0117589/
Fargo,8.1,1996,William H. Macy;Frances McDormand;Steve Buscemi;Peter Stormare,98,https://www.imdb.com//title/tt0116282/
Bacheha-Ye aseman,8.3,1997,Mohammad Amir Naji;Amir Farrokh Hashemian;Bahare Seddiqi;Nafise Jafar-Mohammadi,89,https://www.imdb.com//title/tt0118849/
Pâfekuto burû,8.0,1997,Junko Iwao;Rica Matsumoto;Shinpachi Tsuji;Masaaki Ôkura,81,https://www.imdb.com//title/tt0156887/
Het leven is mooi,8.6,1997,Roberto Benigni;Nicoletta Braschi;Giorgio Cantarini;Giustino Durano,116,https://www.imdb.com//title/tt0118799/
Iruvar,8.5,1997,Mohanlal;Prakash Raj;Aishwarya Rai Bachchan;Gautami,140,https://www.imdb.com//title/tt0119385/
L.A. Confidential,8.2,1997,Kevin Spacey;Russell Crowe;Guy Pearce;Kim Basinger,138,https://www.imdb.com//title/tt0119488/
"Shin seiki Evangelion Gekijô-ban: Air/Magokoro wo, kimi ni",8.1,1997,Megumi Ogata;Megumi Hayashibara;Yûko Miyamura;Kotono Mitsuishi,87,https://www.imdb.com//title/tt0169858/
Good Will Hunting,8.3,1997,Robin Williams;Matt Damon;Ben Affleck;Stellan Skarsgård,126,https://www.imdb.com//title/tt0119217/
Knockin' on Heaven's Door,7.9,1997,Til Schweiger;Jan Josef Liefers;Thierry van Werveke;Moritz Bleibtreu,87,https://www.imdb.com//title/tt0119472/
Brat,7.9,1997,Sergey Bodrov;Viktor Sukhorukov;Svetlana Pismichenko;Mariya Zhukova,96,https://www.imdb.com//title/tt0118767/
Border,7.9,1997,Sunny Deol;Suniel Shetty;Akshaye Khanna;Jackie Shroff,176,https://www.imdb.com//title/tt0118751/
Boogie Nights,7.9,1997,Mark Wahlberg;Julianne Moore;Burt Reynolds;Luis Guzmán,155,https://www.imdb.com//title/tt0118749/
Masumiyet,8.2,1997,Güven Kiraç;Haluk Bilginer;Derya Alabora;Yalcin Cakmak,110,https://www.imdb.com//title/tt0128332/
Mononoke-hime,8.4,1997,Yôji Matsuda;Yuriko Ishida;Yûko Tanaka;Billy Crudup,134,https://www.imdb.com//title/tt0119698/
La leggenda del pianista sull'oceano,8.1,1998,Tim Roth;Pruitt Taylor Vince;Mélanie Thierry;Bill Nunn,169,https://www.imdb.com//title/tt0120731/
Ajans-E Shisheh-I,7.8,1998,Parviz Parastui;Reza Kianian;Habib Rezaei;Qasem Zare,114,https://www.imdb.com//title/tt0177511/
Gemide,8.0,1998,Erkan Can;Haldun Boysan;Yildiray Sahinler;Naci Tasdögen,102,https://www.imdb.com//title/tt0200654/
The Big Lebowski,8.1,1998,Jeff Bridges;John Goodman;Julianne Moore;Steve Buscemi,117,https://www.imdb.com//title/tt0118715/
Rane,8.0,1998,Dusan Pekic;Milan Maric;Dragan Bjelogrlic;Branka Katic,103,https://www.imdb.com//title/tt0165546/
Central do Brasil,8.0,1998,Fernanda Montenegro;Vinícius de Oliveira;Marília Pêra;Soia Lira,108,https://www.imdb.com//title/tt0140888/
Satya,8.3,1998,J.D. Chakravarthi;Manoj Bajpayee;Urmila Matondkar;Paresh Rawal,170,https://www.imdb.com//title/tt0195231/
Saving Private Ryan,8.6,1998,Tom Hanks;Matt Damon;Tom Sizemore;Edward Burns,169,https://www.imdb.com//title/tt0120815/
Festen,8.1,1998,Ulrich Thomsen;Henning Moritzen;Thomas Bo Larsen;Paprika Steen,105,https://www.imdb.com//title/tt0154420/
Her Sey Çok Güzel Olacak,8.1,1998,Cem Yilmaz;Mazhar Alanson;Ceyda Düvenci;Selim Nasit,107,https://www.imdb.com//title/tt0263438/
"Lock, Stock and Two Smoking Barrels",8.2,1998,Jason Flemyng;Dexter Fletcher;Nick Moran;Jason Statham,107,https://www.imdb.com//title/tt0120735/
American History X,8.5,1998,Edward Norton;Edward Furlong;Beverly D'Angelo;Jennifer Lien,119,https://www.imdb.com//title/tt0120586/
"Crna macka, beli macor",8.1,1998,Bajram Severdzan;Srdjan 'Zika' Todorovic;Branka Katic;Florijan Ajdini,127,https://www.imdb.com//title/tt0118843/
Mia aioniotita kai mia mera,7.9,1998,Bruno Ganz;Isabelle Renauld;Fabrizio Bentivoglio;Ahilleas Skevis,137,https://www.imdb.com//title/tt0156794/
Lajanje na zvezde,8.7,1998,Dragan Micanovic;Natasa Tapuskovic;Nikola Simic;Velimir 'Bata' Zivojinovic,95,https://www.imdb.com//title/tt0187231/
The Truman Show,8.1,1998,Jim Carrey;Ed Harris;Laura Linney;Noah Emmerich,103,https://www.imdb.com//title/tt0120382/
Pelísky,8.2,1999,Michael Beran;Miroslav Donutil;Simona Stasová;Kristýna Nováková,115,https://www.imdb.com//title/tt0167331/
Wo de fu qin mu qin,7.8,1999,Ziyi Zhang;Honglei Sun;Hao Zheng;Yulian Zhao,89,https://www.imdb.com//title/tt0235060/
Thulladha Manamum Thullum,8.4,1999,Thalapathy Vijay;Simran;Dhamu;Vaiyapuri,170,https://www.imdb.com//title/tt1517561/
The Straight Story,8.0,1999,Richard Farnsworth;Sissy Spacek;Jane Galloway Heitz;Joseph A. Carpenter,112,https://www.imdb.com//title/tt0166896/
Magnolia,8.0,1999,Tom Cruise;Jason Robards;Julianne Moore;Philip Seymour Hoffman,188,https://www.imdb.com//title/tt0175880/
The Green Mile,8.6,1999,Tom Hanks;Michael Clarke Duncan;David Morse;Bonnie Hunt,189,https://www.imdb.com//title/tt0120689/
Sarfarosh,8.1,1999,Aamir Khan;Naseeruddin Shah;Sonali Bendre;Mukesh Rishi,174,https://www.imdb.com//title/tt0200087/
Todo sobre mi madre,7.9,1999,Cecilia Roth;Marisa Paredes;Candela Peña;Antonia San Juan,101,https://www.imdb.com//title/tt0185125/
Toy Story 2,7.9,1999,Tom Hanks;Tim Allen;Joan Cusack;Kelsey Grammer,92,https://www.imdb.com//title/tt0120363/
Rang-e khoda,8.2,1999,Hossein Mahjoub;Mohsen Ramezani;Salameh Feyzi;Farahnaz Safari,90,https://www.imdb.com//title/tt0191043/
Padayappa,8.2,1999,Shivaji Ganesan;Rajinikanth;Ramya Krishnan;Soundarya,181,https://www.imdb.com//title/tt0213969/
De IJzeren reus,8.0,1999,Eli Marienthal;Harry Connick Jr.;Jennifer Aniston;Vin Diesel,86,https://www.imdb.com//title/tt0129167/
Vaastav: The Reality,8.0,1999,Sanjay Dutt;Namrata Shirodkar;Reema Lagoo;Shivaji Satam,145,https://www.imdb.com//title/tt0220832/
The Matrix,8.7,1999,Keanu Reeves;Laurence Fishburne;Carrie-Anne Moss;Hugo Weaving,136,https://www.imdb.com//title/tt0133093/
Fight Club,8.8,1999,Brad Pitt;Edward Norton;Meat Loaf;Zach Grenier,139,https://www.imdb.com//title/tt0137523/
La ley de Herodes,7.9,1999,Damián Alcázar;Pedro Armendáriz Jr.;Delia Casanova;Juan Carlos Colombo,123,https://www.imdb.com//title/tt0221344/
American Beauty,8.3,1999,Kevin Spacey;Annette Bening;Thora Birch;Wes Bentley,122,https://www.imdb.com//title/tt0169547/
Mudhalvan,8.4,1999,Arjun Sarja;Manisha Koirala;Raghuvaran;Vadivelu,169,https://www.imdb.com//title/tt0220656/
The Sixth Sense,8.1,1999,Bruce Willis;Haley Joel Osment;Toni Collette;Olivia Williams,107,https://www.imdb.com//title/tt0167404/
Brat 2,7.8,2000,Sergey Bodrov;Viktor Sukhorukov;Sergey Makovetskiy;Irina Saltykova,122,https://www.imdb.com//title/tt0238883/
Gongdong gyeongbi guyeok JSA,7.8,2000,Lee Yeong-ae;Lee Byung-hun;Kang-ho Song;Kim Tae-Woo,110,https://www.imdb.com//title/tt0260991/
Remember the Titans,7.8,2000,Denzel Washington;Will Patton;Wood Harris;Ryan Hurst,113,https://www.imdb.com//title/tt0210945/
Nueve reinas,7.9,2000,Ricardo Darín;Gastón Pauls;Graciela Tenenbaum;María Mercedes Villagra,114,https://www.imdb.com//title/tt0247586/
Almost Famous,7.9,2000,Billy Crudup;Patrick Fugit;Kate Hudson;Frances McDormand,122,https://www.imdb.com//title/tt0181875/
Wo hu cang long,7.8,2000,Chow Yun-Fat;Michelle Yeoh;Ziyi Zhang;Chang Chen,120,https://www.imdb.com//title/tt0190332/
Werckmeister harmóniák,8.1,2000,Lars Rudolph;Peter Fitz;Hanna Schygulla;János Derzsi,145,https://www.imdb.com//title/tt0249241/
Gladiator,8.5,2000,Russell Crowe;Joaquin Phoenix;Connie Nielsen;Oliver Reed,155,https://www.imdb.com//title/tt0172495/
Requiem for a Dream,8.3,2000,Ellen Burstyn;Jared Leto;Jennifer Connelly;Marlon Wayans,102,https://www.imdb.com//title/tt0180093/
Alai Payuthey,8.3,2000,Madhavan;Shalini;Swarnamalya;V. Natarajan,156,https://www.imdb.com//title/tt0242256/
Hey Ram,8.0,2000,Kamal Haasan;Shah Rukh Khan;Rani Mukerji;Hema Malini,186,https://www.imdb.com//title/tt0222012/
Memento,8.4,2000,Guy Pearce;Carrie-Anne Moss;Joe Pantoliano;Mark Boone Junior,113,https://www.imdb.com//title/tt0209144/
Hera Pheri,8.2,2000,Akshay Kumar;Suniel Shetty;Paresh Rawal;Tabu,156,https://www.imdb.com//title/tt0242519/
Amores perros,8.1,2000,Emilio Echevarría;Gael García Bernal;Goya Toledo;Álvaro Guerrero,154,https://www.imdb.com//title/tt0245712/
Dancer in the Dark,8.0,2000,Björk;Catherine Deneuve;David Morse;Peter Stormare,140,https://www.imdb.com//title/tt0168629/
Guizi lai le,8.2,2000,Wen Jiang;Kenya Sawada;Hongbo Jiang;Teruyuki Kagawa,139,https://www.imdb.com//title/tt0245929/
Kushi,8.0,2000,Jyotika;Thalapathy Vijay;Mumtaj;Shilpa Shetty Kundra,178,https://www.imdb.com//title/tt0361818/
Fa yeung nin wah,8.1,2000,Tony Chiu-Wai Leung;Maggie Cheung;Siu Ping-Lam;Tung Cho 'Joe' Cheung,98,https://www.imdb.com//title/tt0118694/
O Auto da Compadecida,8.7,2000,Matheus Nachtergaele;Selton Mello;Rogério Cardoso;Denise Fraga,104,https://www.imdb.com//title/tt0271383/
Snatch,8.2,2000,Jason Statham;Brad Pitt;Stephen Graham;Vinnie Jones,104,https://www.imdb.com//title/tt0208092/
Yi yi,8.2,2000,Nien-Jen Wu;Elaine Jin;Issei Ogata;Kelly Lee,173,https://www.imdb.com//title/tt0244316/
"Monsters, Inc.",8.1,2001,Billy Crystal;John Goodman;Mary Gibbs;Steve Buscemi,92,https://www.imdb.com//title/tt0198781/
Baran,7.8,2001,Hossein Abedini;Zahra Bahrami;Mohammad Amir Naji;Hossein Mahjoub,94,https://www.imdb.com//title/tt0233841/
Lagaan: Once Upon a Time in India,8.1,2001,Aamir Khan;Raghuvir Yadav;Gracy Singh;Rachel Shelley,224,https://www.imdb.com//title/tt0169102/
Le fabuleux destin d'Amélie Poulain,8.3,2001,Audrey Tautou;Mathieu Kassovitz;Rufus;Lorella Cravotta,122,https://www.imdb.com//title/tt0211915/
Spirited Away,8.6,2001,Daveigh Chase;Suzanne Pleshette;Miyu Irino;Rumi Hiiragi,125,https://www.imdb.com//title/tt0245429/
Shrek,7.9,2001,Mike Myers;Eddie Murphy;Cameron Diaz;John Lithgow,90,https://www.imdb.com//title/tt0126029/
Mulholland Drive,7.9,2001,Naomi Watts;Laura Harring;Justin Theroux;Jeanne Bates,147,https://www.imdb.com//title/tt0166924/
A Beautiful Mind,8.2,2001,Russell Crowe;Ed Harris;Jennifer Connelly;Christopher Plummer,135,https://www.imdb.com//title/tt0268978/
Nayak: The Real Hero,7.8,2001,Anil Kapoor;Rani Mukerji;Amrish Puri;Johny Lever,187,https://www.imdb.com//title/tt0291376/
Son of the Bride,7.8,2001,Ricardo Darín;Héctor Alterio;Norma Aleandro;Eduardo Blanco,123,https://www.imdb.com//title/tt0292542/
Cowboy Bebop: Tengoku no tobira,7.9,2001,Beau Billingslea;Melissa Fahn;Nicholas Guest;Kôichi Yamadera,115,https://www.imdb.com//title/tt0275277/
Munje!,7.9,2001,Boris Milivojevic;Sergej Trifunovic;Maja Mandzuka;Milica Vujovic,90,https://www.imdb.com//title/tt0279248/
No Man's Land,7.9,2001,Branko Djuric;Rene Bitorajac;Filip Sovagovic;Georges Siatidis,98,https://www.imdb.com//title/tt0283509/
Sennen joyû,7.9,2001,Miyoko Shôji;Shôzô Îzuka;Mami Koyama;Fumiko Orikasa,87,https://www.imdb.com//title/tt0291350/
Vizontele,8.0,2001,Yilmaz Erdogan;Demet Akbag;Altan Erkekli;Cem Yilmaz,110,https://www.imdb.com//title/tt0270053/
Donnie Darko,8.0,2001,Jake Gyllenhaal;Jena Malone;Mary McDonnell;Holmes Osborne,113,https://www.imdb.com//title/tt0246578/
Waking Life,7.8,2001,Ethan Hawke;Trevor Jack Brooks;Lorelei Linklater;Wiley Wiggins,99,https://www.imdb.com//title/tt0243017/
Dil Chahta Hai,8.1,2001,Aamir Khan;Saif Ali Khan;Akshaye Khanna;Preity Zinta,183,https://www.imdb.com//title/tt0292490/
Yeopgijeogin geunyeo,8.0,2001,Tae-Hyun Cha;Jun Ji-hyun;In-mun Kim;Song Wok-suk,137,https://www.imdb.com//title/tt0293715/
The Lord of the Rings: The Fellowship of the Ring,8.8,2001,Elijah Wood;Ian McKellen;Orlando Bloom;Sean Bean,178,https://www.imdb.com//title/tt0120737/
Tasogare Seibei,8.1,2002,Hiroyuki Sanada;Rie Miyazawa;Nenji Kobayashi;Ren Ôsugi,129,https://www.imdb.com//title/tt0351817/
Company,8.0,2002,Ajay Devgn;Mohanlal;Manisha Koirala;Seema Biswas,142,https://www.imdb.com//title/tt0296574/
Mou gaan dou,8.0,2002,Andy Lau;Tony Chiu-Wai Leung;Anthony Chau-Sang Wong;Eric Tsang,101,https://www.imdb.com//title/tt0338564/
Jibeuro,7.8,2002,Yoo Seung-ho;Eul-boon Kim;Hyo-hee Dong;Kyung-hyun Min,80,https://www.imdb.com//title/tt0312841/
Kukushka,7.8,2002,Anni-Kristiina Juuso;Ville Haapasalo;Viktor Bychkov;Mikhail Korobochkin,99,https://www.imdb.com//title/tt0308476/
The Pianist,8.5,2002,Adrien Brody;Thomas Kretschmann;Frank Finlay;Emilia Fox,150,https://www.imdb.com//title/tt0253474/
The Lord of the Rings: The Two Towers,8.7,2002,Elijah Wood;Ian McKellen;Viggo Mortensen;Orlando Bloom,179,https://www.imdb.com//title/tt0167261/
Dzien swira,8.1,2002,Marek Kondrat;Janina Traczykówna;Andrzej Grabowski;Michal Koterski,93,https://www.imdb.com//title/tt0330243/
Bang Bang You're Dead,7.8,2002,Tom Cavanagh;Ben Foster;Randy Harrison;Janel Moloney,93,https://www.imdb.com//title/tt0288439/
Lilja 4-ever,7.8,2002,Oksana Akinshina;Artyom Bogucharskiy;Pavel Ponomaryov;Lyubov Agapova,109,https://www.imdb.com//title/tt0300140/
The Bourne Identity,7.9,2002,Franka Potente;Matt Damon;Chris Cooper;Clive Owen,119,https://www.imdb.com//title/tt0258463/
Oasiseu,7.9,2002,Sol Kyung-gu;Moon So-ri;Ahn Nae-sang;Seung-wan Ryu,133,https://www.imdb.com//title/tt0320193/
Filantropica,8.5,2002,Mircea Diaconu;Gheorghe Dinica;Mara Nicolescu;Viorica Voda,110,https://www.imdb.com//title/tt0314067/
Mrtav 'ladan,8.4,2002,Nikola Djuricko;Sonja Kolacaric;Tara Manic;Srdjan 'Zika' Todorovic,90,https://www.imdb.com//title/tt0301634/
Cidade de Deus,8.6,2002,Alexandre Rodrigues;Leandro Firmino;Matheus Nachtergaele;Phellipe Haagensen,130,https://www.imdb.com//title/tt0317248/
Kannathil Muthamittal,8.4,2002,Madhavan;Simran;Prakash Raj;Nandita Das,136,https://www.imdb.com//title/tt0312859/
Hero,7.9,2002,Jet Li;Tony Chiu-Wai Leung;Maggie Cheung;Ziyi Zhang,120,https://www.imdb.com//title/tt0299977/
The Count of Monte Cristo,7.8,2002,Jim Caviezel;Guy Pearce;Christopher Adamson;JB Blanc,131,https://www.imdb.com//title/tt0245844/
Hable con ella,7.9,2002,Rosario Flores;Javier Cámara;Darío Grandinetti;Leonor Watling,112,https://www.imdb.com//title/tt0287467/
The Legend of Bhagat Singh,8.1,2002,Ajay Devgn;Sushant Singh;D. Santosh;Akhilendra Mishra,155,https://www.imdb.com//title/tt0319736/
Catch Me If You Can,8.1,2002,Leonardo DiCaprio;Tom Hanks;Christopher Walken;Martin Sheen,141,https://www.imdb.com//title/tt0264464/
Soldier's Girl,7.8,2003,Troy Garity;Lee Pace;Andre Braugher;Shawn Hatosy,112,https://www.imdb.com//title/tt0324013/
Ondskan,7.8,2003,Andreas Wilson;Henrik Lundström;Gustaf Skarsgård;Linda Zilliacus,113,https://www.imdb.com//title/tt0338309/
Les triplettes de Belleville,7.8,2003,Michèle Caucheteux;Jean-Claude Donda;Michel Robin;Monica Viegas,80,https://www.imdb.com//title/tt0286244/
Interstella 5555: The 5tory of the 5ecret 5tar 5ystem,7.8,2003,Romanthony;Thomas Bangalter,68,https://www.imdb.com//title/tt0368667/
Gangaajal,7.8,2003,Ajay Devgn;Gracy Singh;Mohan Joshi;Yashpal Sharma,157,https://www.imdb.com//title/tt0373856/
Tôkyô goddofâzâzu,7.8,2003,Tôru Emori;Yoshiaki Umegaki;Aya Okamoto;Shôzô Îzuka,90,https://www.imdb.com//title/tt0388473/
Keulraesik,7.8,2003,Son Ye-jin;In-Sung Jo;Cho Seung-woo;Ki-woo Lee,127,https://www.imdb.com//title/tt0348568/
Okkadu,8.0,2003,Mahesh Babu;Bhoomika Chawla;Prakash Raj;Joy Badlani,171,https://www.imdb.com//title/tt0366840/
Pirates of the Caribbean: The Curse of the Black Pearl,8.0,2003,Johnny Depp;Geoffrey Rush;Orlando Bloom;Keira Knightley,143,https://www.imdb.com//title/tt0325980/
Kill Bill: Vol. 1,8.1,2003,Uma Thurman;David Carradine;Daryl Hannah;Michael Madsen,111,https://www.imdb.com//title/tt0266697/
Vozvrashchenie,8.0,2003,Vladimir Garin;Ivan Dobronravov;Konstantin Lavronenko;Nataliya Vdovina,110,https://www.imdb.com//title/tt0376968/
"Spring, Summer, Fall, Winter... and Spring",8.0,2003,Kim Ki-duk;Oh Yeong-su;Jong-ho Kim;Kim Young-min,103,https://www.imdb.com//title/tt0374546/
Maqbool,8.1,2003,Irrfan Khan;Tabu;Pankaj Kapur;Naseeruddin Shah,132,https://www.imdb.com//title/tt0379370/
Dogville,8.0,2003,Nicole Kidman;Paul Bettany;Lauren Bacall;Harriet Andersson,178,https://www.imdb.com//title/tt0276919/
Oldeuboi,8.4,2003,Choi Min-sik;Yoo Ji-Tae;Kang Hye-jeong;Kim Byeong-Ok,120,https://www.imdb.com//title/tt0364569/
Pithamagan,8.4,2003,Vikram;Suriya;Laila;Sangeetha,139,https://www.imdb.com//title/tt0376076/
Profesionalac,8.4,2003,Bora Todorovic;Branislav Lecic;Natasa Ninkovic;Dragan Jovanovic,104,https://www.imdb.com//title/tt0339535/
The Lord of the Rings: The Return of the King,8.9,2003,Elijah Wood;Viggo Mortensen;Ian McKellen;Orlando Bloom,201,https://www.imdb.com//title/tt0167260/
Finding Nemo,8.1,2003,Albert Brooks;Ellen DeGeneres;Alexander Gould;Willem Dafoe,100,https://www.imdb.com//title/tt0266543/
La meglio gioventù,8.5,2003,Luigi Lo Cascio;Alessio Boni;Jasmine Trinca;Adriana Asti,366,https://www.imdb.com//title/tt0346336/
Salinui chueok,8.1,2003,Kang-ho Song;Kim Sang-kyung;Roe-ha Kim;Jae-ho Song,131,https://www.imdb.com//title/tt0353969/
Kaakha..Kaakha: The Police,8.1,2003,Suriya;Jyotika;'University' Jeevan;Daniel Balaji,153,https://www.imdb.com//title/tt0375878/
Munna Bhai M.B.B.S.,8.1,2003,Sanjay Dutt;Arshad Warsi;Gracy Singh;Boman Irani,156,https://www.imdb.com//title/tt0374887/
Mystic River,7.9,2003,Sean Penn;Tim Robbins;Kevin Bacon;Emmy Rossum,138,https://www.imdb.com//title/tt0327056/
Anbe Sivam,8.7,2003,Kamal Haasan;Madhavan;Kiran Rathod;Nassar,160,https://www.imdb.com//title/tt0367495/
Big Fish,8.0,2003,Ewan McGregor;Albert Finney;Billy Crudup;Jessica Lange,125,https://www.imdb.com//title/tt0319061/
Kal Ho Naa Ho,7.9,2003,Preity Zinta;Shah Rukh Khan;Saif Ali Khan;Jaya Bachchan,186,https://www.imdb.com//title/tt0347304/
Arya,7.8,2004,Allu Arjun;Anuradha Mehta;Siva Balaji;Rajan P. Dev,151,https://www.imdb.com//title/tt0431619/
Mind Game,7.8,2004,Kôji Imada;Sayaka Maeda;Takashi Fujii;Seiko Takuma,103,https://www.imdb.com//title/tt0452039/
Nae meorisokui jiwoogae,8.2,2004,Jung Woo-sung;Son Ye-jin;Jong-hak Baek;Seon-jin Lee,144,https://www.imdb.com//title/tt0428870/
Virumandi,8.4,2004,Kamal Haasan;Abhirami;Pasupathy;Napolean,175,https://www.imdb.com//title/tt0364647/
Simon,7.9,2004,Cees Geel;Marcel Hensema;Rifka Lodeizen;Nadja Hüpscher,102,https://www.imdb.com//title/tt0393775/
Veer-Zaara,7.8,2004,Shah Rukh Khan;Preity Zinta;Rani Mukerji;Kirron Kher,192,https://www.imdb.com//title/tt0420332/
Eternal Sunshine of the Spotless Mind,8.3,2004,Jim Carrey;Kate Winslet;Tom Wilkinson;Gerry Robert Byrne,108,https://www.imdb.com//title/tt0338013/
Inside I'm Dancing,7.8,2004,James McAvoy;Steven Robertson;Romola Garai;Alan King,104,https://www.imdb.com//title/tt0417791/
Marmoulak,8.5,2004,Parviz Parastui;Bahram Ebrahimi;Shahrokh Foroutanian;Farideh Sepah Mansour,115,https://www.imdb.com//title/tt0416960/
Les choristes,7.9,2004,Gérard Jugnot;François Berléand;Jean-Baptiste Maunier;Kad Merad,97,https://www.imdb.com//title/tt0372824/
Lakshya,7.9,2004,Hrithik Roshan;Preity Zinta;Amitabh Bachchan;Om Puri,186,https://www.imdb.com//title/tt0323013/
Kung fu,7.8,2004,Stephen Chow;Wah Yuen;Qiu Yuen;Siu-Lung Leung,99,https://www.imdb.com//title/tt0373074/
Harry Potter en de gevangene van Azkaban,7.9,2004,Daniel Radcliffe;Emma Watson;Rupert Grint;Richard Griffiths,142,https://www.imdb.com//title/tt0304141/
The Notebook,7.8,2004,Gena Rowlands;James Garner;Rachel McAdams;Ryan Gosling,123,https://www.imdb.com//title/tt0332280/
Karpuz Kabugundan Gemiler Yapmak,7.8,2004,Fizuli Caferof;Gülayse Erkoc;Hasbiye Günay;Kadir Kaymaz,97,https://www.imdb.com//title/tt0325675/
Voces inocentes,7.9,2004,Carlos Padilla;Leonor Varela;Xuna Primus;Gustavo Muñoz,120,https://www.imdb.com//title/tt0387914/
The Motorcycle Diaries,7.8,2004,Gael García Bernal;Rodrigo de la Serna;Mía Maestro;Mercedes Morán,126,https://www.imdb.com//title/tt0318462/
Ab Tak Chhappan,7.8,2004,Nana Patekar;Revathi;Yashpal Sharma;Mohan Agashe,129,https://www.imdb.com//title/tt0402014/
Kad porastem bicu Kengur,8.5,2004,Sergej Trifunovic;Marija Karan;Nebojsa Glogovac;Boris Milivojevic,92,https://www.imdb.com//title/tt0383846/
Lakposhtha parvaz mikonand,8.1,2004,Soran Ebrahim;Avaz Latif;Saddam Hossein Feysal;Hiresh Feysal Rahman,98,https://www.imdb.com//title/tt0424227/
Before Sunset,8.1,2004,Ethan Hawke;Julie Delpy;Vernon Dobtcheff;Louise Lemoine Torrès,80,https://www.imdb.com//title/tt0381681/
Million Dollar Baby,8.1,2004,Hilary Swank;Clint Eastwood;Morgan Freeman;Jay Baruchel,132,https://www.imdb.com//title/tt0405159/
Gegen die Wand,7.9,2004,Birol Ünel;Sibel Kekilli;Güven Kiraç;Zarah Jane McKenzie,121,https://www.imdb.com//title/tt0347048/
The Incredibles,8.0,2004,Craig T. Nelson;Samuel L. Jackson;Holly Hunter;Jason Lee,115,https://www.imdb.com//title/tt0317705/
Kill Bill: Vol. 2,8.0,2004,Uma Thurman;David Carradine;Michael Madsen;Daryl Hannah,137,https://www.imdb.com//title/tt0378194/
Dare mo shiranai,8.1,2004,Yûya Yagira;Ayu Kitaura;Hiei Kimura;Momoko Shimizu,141,https://www.imdb.com//title/tt0408664/
Der Untergang,8.2,2004,Bruno Ganz;Alexandra Maria Lara;Ulrich Matthes;Juliane Köhler,156,https://www.imdb.com//title/tt0363163/
Black Friday,8.5,2004,Kay Kay Menon;Pawan Malhotra;Aditya Srivastav;Dibyendu Bhattacharya,143,https://www.imdb.com//title/tt0400234/
Hotel Rwanda,8.1,2004,Don Cheadle;Sophie Okonedo;Joaquin Phoenix;Xolani Mali,121,https://www.imdb.com//title/tt0395169/
Mar adentro,8.0,2004,Javier Bardem;Belén Rueda;Lola Dueñas;Mabel Rivera,126,https://www.imdb.com//title/tt0369702/
G.O.R.A.,8.1,2004,Cem Yilmaz;Özge Özberk;Ozan Güven;Safak Sezer,127,https://www.imdb.com//title/tt0384116/
Taegukgi hwinalrimyeo,8.0,2004,Jang Dong-Gun;Won Bin;Eun-ju Lee;Hyeong-jin Kong,140,https://www.imdb.com//title/tt0386064/
"Swades: We, the People",8.2,2004,Shah Rukh Khan;Gayatri Joshi;Kishori Ballal;Smith Seth,210,https://www.imdb.com//title/tt0367110/
Bin-jip,8.0,2004,Seung-Yun Lee;Hee Jae;Hyuk-ho Kwon;Jin-mo Joo,88,https://www.imdb.com//title/tt0423866/
Ghilli,8.0,2004,Thalapathy Vijay;Trisha Krishnan;Prakash Raj;Ashish Vidyarthi,160,https://www.imdb.com//title/tt0422320/
Shaun of the Dead,7.9,2004,Simon Pegg;Nick Frost;Kate Ashfield;Lucy Davis,99,https://www.imdb.com//title/tt0365748/
Hauru no ugoku shiro,8.2,2004,Chieko Baishô;Takuya Kimura;Tatsuya Gashûin;Akihiro Miwa,119,https://www.imdb.com//title/tt0347149/
Iqbal,8.1,2005,Shreyas Talpade;Naseeruddin Shah;Shweta Basu Prasad;Yatin Karyekar,132,https://www.imdb.com//title/tt0453729/
Anniyan,8.3,2005,Vikram;Sada;Prakash Raj;Vivek,181,https://www.imdb.com//title/tt0376127/
Babam ve Oglum,8.2,2005,Eser Sariyar;Çetin Tekindor;Fikret Kuskan;Hümeyra,112,https://www.imdb.com//title/tt0476735/
"Va, vis et deviens",7.8,2005,Yaël Abecassis;Roschdy Zem;Moshe Agazai;Moshe Abebe,140,https://www.imdb.com//title/tt0388505/
V for Vendetta,8.1,2005,Hugo Weaving;Natalie Portman;Rupert Graves;Stephen Rea,132,https://www.imdb.com//title/tt0434409/
Graves End,8.6,2005,Eric Roberts;Steven Williams;Daniel Roebuck;Valerie Mikita,90,https://www.imdb.com//title/tt0419781/
Burt Munro: The World's Fastest Indian,7.8,2005,Anthony Hopkins;Diane Ladd;Iain Rea;Tessa Mitchell,127,https://www.imdb.com//title/tt0412080/
Serenity,7.8,2005,Nathan Fillion;Gina Torres;Chiwetel Ejiofor;Alan Tudyk,119,https://www.imdb.com//title/tt0379786/
Pride & Prejudice,7.8,2005,Keira Knightley;Matthew Macfadyen;Brenda Blethyn;Donald Sutherland,129,https://www.imdb.com//title/tt0414387/
C.R.A.Z.Y.,7.9,2005,Michel Côté;Marc-André Grondin;Danielle Proulx;Émile Vallée,129,https://www.imdb.com//title/tt0401085/
Adams æbler,7.8,2005,Ulrich Thomsen;Mads Mikkelsen;Nicolas Bro;Paprika Steen,94,https://www.imdb.com//title/tt0418455/
Batman Begins,8.2,2005,Christian Bale;Michael Caine;Ken Watanabe;Liam Neeson,140,https://www.imdb.com//title/tt0372784/
Gönül Yarasi,7.8,2005,Meltem Cumbul;Sener Sen;Timuçin Esen;Güven Kiraç,142,https://www.imdb.com//title/tt0425079/
Sin City,8.0,2005,Mickey Rourke;Clive Owen;Bruce Willis;Jessica Alba,124,https://www.imdb.com//title/tt0401792/
Athadu,8.2,2005,Mahesh Babu;Trisha Krishnan;Prakash Raj;Sonu Sood,172,https://www.imdb.com//title/tt0471571/
Moartea domnului Lãzãrescu,7.9,2005,Doru Ana;Monica Barladeanu;Alina Berzunteanu;Dorian Boguta,153,https://www.imdb.com//title/tt0456149/
Cinderella Man,8.0,2005,Russell Crowe;Renée Zellweger;Craig Bierko;Paul Giamatti,144,https://www.imdb.com//title/tt0352248/
Black,8.2,2005,Amitabh Bachchan;Rani Mukerji;Shernaz Patel;Ayesha Kapoor,122,https://www.imdb.com//title/tt0375611/
Pardon,8.2,2005,Ferhan Sensoy;Rasim Öztekin;Ali Çatalbas;Bülent Kayabas,94,https://www.imdb.com//title/tt0425333/
Walk the Line,7.8,2005,Joaquin Phoenix;Reese Witherspoon;Ginnifer Goodwin;Robert Patrick,136,https://www.imdb.com//title/tt0358273/
Pokiri,7.9,2006,Mahesh Babu;Ileana D'Cruz;Prakash Raj;Nassar,164,https://www.imdb.com//title/tt0816258/
Little Miss Sunshine,7.8,2006,Steve Carell;Toni Collette;Greg Kinnear;Abigail Breslin,101,https://www.imdb.com//title/tt0449059/
Letters from Iwo Jima,7.9,2006,Ken Watanabe;Kazunari Ninomiya;Tsuyoshi Ihara;Ryô Kase,141,https://www.imdb.com//title/tt0498380/
Khosla Ka Ghosla!,8.3,2006,Anupam Kher;Boman Irani;Parvin Dabas;Tara Sharma,135,https://www.imdb.com//title/tt0466460/
Das Leben der Anderen,8.4,2006,Ulrich Mühe;Martina Gedeck;Sebastian Koch;Ulrich Tukur,137,https://www.imdb.com//title/tt0405094/
Blood Diamond,8.0,2006,Leonardo DiCaprio;Djimon Hounsou;Jennifer Connelly;Kagiso Kuypers,143,https://www.imdb.com//title/tt0450259/
The Prestige,8.5,2006,Christian Bale;Hugh Jackman;Scarlett Johansson;Michael Caine,130,https://www.imdb.com//title/tt0482571/
The Departed,8.5,2006,Leonardo DiCaprio;Matt Damon;Jack Nicholson;Mark Wahlberg,151,https://www.imdb.com//title/tt0407887/
Casino Royale,8.0,2006,Daniel Craig;Eva Green;Judi Dench;Jeffrey Wright,144,https://www.imdb.com//title/tt0381061/
Vettaiyaadu Vilaiyaadu,8.0,2006,Kamal Haasan;Jyotika;Prakash Raj;Daniel Balaji,174,https://www.imdb.com//title/tt0455829/
Dor,7.9,2006,Ayesha Takia;Shreyas Talpade;Gul Panag;Girish Karnad,147,https://www.imdb.com//title/tt0824316/
Pudhu Pettai,8.5,2006,Dhanush;Sneha;Sonia Agarwal;Azhagam Perumal,168,https://www.imdb.com//title/tt0459516/
Pan's Labyrinth,8.2,2006,Ivana Baquero;Ariadna Gil;Sergi López;Maribel Verdú,118,https://www.imdb.com//title/tt0457430/
The Pursuit of Happyness,8.0,2006,Will Smith;Thandiwe Newton;Jaden Smith;Brian Howe,117,https://www.imdb.com//title/tt0454921/
Rang De Basanti,8.1,2006,Aamir Khan;Soha Ali Khan;Siddharth;Sharman Joshi,167,https://www.imdb.com//title/tt0405508/
Bommarillu,8.2,2006,Siddharth;Genelia D'Souza;Prakash Raj;Kota Srinivasa Rao,170,https://www.imdb.com//title/tt0843326/
Children of Men,7.9,2006,Julianne Moore;Clive Owen;Chiwetel Ejiofor;Michael Caine,109,https://www.imdb.com//title/tt0206634/
Kader,7.8,2006,Ufuk Bayraktar;Vildan Atasever;Engin Akyürek;Müge Ulusoy,103,https://www.imdb.com//title/tt0875595/
Kiraware Matsuko no isshô,7.8,2006,Miki Nakatani;Eita Nagayama;Yûsuke Iseya;Mikako Ichikawa,130,https://www.imdb.com//title/tt0768120/
Apocalypto,7.8,2006,Gerardo Taracena;Raoul Max Trujillo;Dalia Hernández;Rudy Youngblood,139,https://www.imdb.com//title/tt0472043/
The Fall,7.8,2006,Lee Pace;Catinca Untaru;Justine Waddell;Kim Uylenbroek,117,https://www.imdb.com//title/tt0460791/
Ostrov,7.9,2006,Pyotr Mamonov;Viktor Sukhorukov;Dmitriy Dyuzhev;Yuriy Kuznetsov,112,https://www.imdb.com//title/tt0851577/
Omkara,8.1,2006,Ajay Devgn;Kareena Kapoor;Saif Ali Khan;Konkona Sen Sharma,155,https://www.imdb.com//title/tt0488414/
Lage Raho Munna Bhai,8.1,2006,Sanjay Dutt;Arshad Warsi;Vidya Balan;Boman Irani,144,https://www.imdb.com//title/tt0456144/
