title,rating,year,actors,runtime,languages,url
Zemlya,7.2,1930,Stepan Shkurat;Semyon Svashenko;Yuliya Solntseva;Yelena Maksimova,75,Russian;English,https://www.imdb.com//title/tt0021571/
L'âge d'or,7.2,1930,Gaston Modot;Lya Lys;Caridad de Laberdesque;Max Ernst,60,French,https://www.imdb.com//title/tt0021577/
Hell's Angels,7.3,1930,Ben Lyon;James Hall;Jean Harlow;John Darrow,127,English;German;French,https://www.imdb.com//title/tt0020960/
Animal Crackers,7.4,1930,Groucho Marx;Harpo Marx;Chico Marx;The Marx Brothers,97,English,https://www.imdb.com//title/tt0020640/
Der blaue Engel,7.7,1930,Emil Jannings;Marlene Dietrich;Kurt Gerron;Rosa Valetti,104,German;English;French,https://www.imdb.com//title/tt0020697/
Little Caesar,7.2,1931,Edward G. Robinson;Douglas Fairbanks Jr.;Glenda Farrell;William Collier Jr.,79,English,https://www.imdb.com//title/tt0021079/
Monkey Business,7.4,1931,Groucho Marx;Harpo Marx;The Marx Brothers;Chico Marx,77,English,https://www.imdb.com//title/tt0022158/
Dracula de vampier,7.4,1931,Bela Lugosi;Helen Chandler;David Manners;Dwight Frye,75,English;Hungarian;Latin,https://www.imdb.com//title/tt0021814/
Taboe,7.4,1931,Anne Chevalier;Matahi;Hitu;Bill Bambridge,86,English,https://www.imdb.com//title/tt0022458/
Dr. Jekyll and Mr. Hyde,7.6,1931,Fredric March;Miriam Hopkins;Rose Hobart;Holmes Herbert,98,English,https://www.imdb.com//title/tt0022835/
Island of Lost Souls,7.4,1932,Charles Laughton;Bela Lugosi;Richard Arlen;Leila Hyams,70,English;Cantonese,https://www.imdb.com//title/tt0024188/
Grand Hotel,7.3,1932,Greta Garbo;John Barrymore;Joan Crawford;Wallace Beery,112,English;Russian,https://www.imdb.com//title/tt0022958/
Boudu sauvé des eaux,7.3,1932,Michel Simon;Marcelle Hainia;Sévérine Lerczinska;Jean Gehret,85,French,https://www.imdb.com//title/tt0022718/
Shanghai Express,7.3,1932,Marlene Dietrich;Clive Brook;Anna May Wong;Warner Oland,82,English;French;Cantonese;German,https://www.imdb.com//title/tt0023458/
Le sang d'un poète,7.3,1932,Enrique Rivero;Elizabeth Lee Miller;Pauline Carton;Odette Talazac,55,Vietnamese;French,https://www.imdb.com//title/tt0021331/
Little Women,7.2,1933,Katharine Hepburn;Joan Bennett;Paul Lukas;Edna May Oliver,115,English;German,https://www.imdb.com//title/tt0024264/
42nd Street,7.4,1933,Warner Baxter;Bebe Daniels;George Brent;Ruby Keeler,89,English,https://www.imdb.com//title/tt0024034/
Liefde en-gros,7.4,1933,Fredric March;Gary Cooper;Miriam Hopkins;Edward Everett Horton,91,English;French,https://www.imdb.com//title/tt0023940/
Dinner at Eight,7.5,1933,Marie Dressler;John Barrymore;Wallace Beery;Jean Harlow,111,English,https://www.imdb.com//title/tt0023948/
Sons of the Desert,7.5,1933,Stan Laurel;Oliver Hardy;Charley Chase;Mae Busch,68,English,https://www.imdb.com//title/tt0024601/
Babes in Toyland,7.2,1934,Stan Laurel;Oliver Hardy;Virginia Karns;Charlotte Henry,77,English,https://www.imdb.com//title/tt0024852/
Tarzan's verdere avonturen,7.3,1934,Johnny Weissmuller;Maureen O'Sullivan;Neil Hamilton;Paul Cavanagh,104,English,https://www.imdb.com//title/tt0025862/
Twentieth Century,7.4,1934,John Barrymore;Carole Lombard;Walter Connolly;Roscoe Karns,91,English;German,https://www.imdb.com//title/tt0025919/
The Gay Divorcee,7.4,1934,Fred Astaire;Ginger Rogers;Alice Brady;Edward Everett Horton,107,English;French;Italian,https://www.imdb.com//title/tt0025164/
Tsarina van Rusland,7.6,1934,Marlene Dietrich;John Lodge;Sam Jaffe;Louise Dresser,104,English,https://www.imdb.com//title/tt0025746/
Kapitein Blood,7.7,1935,Errol Flynn;Olivia de Havilland;Lionel Atwill;Basil Rathbone,119,English;French,https://www.imdb.com//title/tt0026174/
Het complot der 39 stappen,7.6,1935,Robert Donat;Madeleine Carroll;Lucie Mannheim;Godfrey Tearle,86,English,https://www.imdb.com//title/tt0026029/
Mutiny on the Bounty,7.7,1935,Charles Laughton;Clark Gable;Franchot Tone;Herbert Mundin,132,English;Polynesian,https://www.imdb.com//title/tt0026752/
Mad Love,7.2,1935,Peter Lorre;Frances Drake;Colin Clive;Ted Healy,68,English,https://www.imdb.com//title/tt0026663/
The Informer,7.4,1935,Victor McLaglen;Heather Angel;Preston Foster;Margot Grahame,91,English,https://www.imdb.com//title/tt0026529/
San Francisco,7.2,1936,Clark Gable;Jeanette MacDonald;Spencer Tracy;Jack Holt,115,English,https://www.imdb.com//title/tt0028216/
Marguerite Gautier,7.4,1936,Greta Garbo;Robert Taylor;Lionel Barrymore;Elizabeth Allan,109,English;French;Latin,https://www.imdb.com//title/tt0028683/
Vlammende harten,7.5,1936,Leslie Howard;Humphrey Bogart;Bette Davis;Genevieve Tobin,82,English,https://www.imdb.com//title/tt0028096/
De danskoning,7.5,1936,Fred Astaire;Ginger Rogers;Victor Moore;Helen Broderick,103,English;French,https://www.imdb.com//title/tt0028333/
After the Thin Man,7.7,1936,William Powell;Myrna Loy;James Stewart;Elissa Landi,112,English,https://www.imdb.com//title/tt0027260/
Het leven van Emile Zola,7.2,1937,Paul Muni;Gale Sondergaard;Joseph Schildkraut;Gloria Holden,116,English,https://www.imdb.com//title/tt0029146/
Dead End,7.3,1937,Sylvia Sidney;Joel McCrea;Humphrey Bogart;Wendy Barrie,93,English,https://www.imdb.com//title/tt0028773/
Het verliefde spook,7.3,1937,Cary Grant;Constance Bennett;Roland Young;Billie Burke,97,English,https://www.imdb.com//title/tt0029682/
Uitstel van executie,7.3,1937,Sylvia Sidney;Henry Fonda;Barton MacLane;Jean Dixon,86,English,https://www.imdb.com//title/tt0029808/
Een ster wordt geboren,7.3,1937,Janet Gaynor;Fredric March;Adolphe Menjou;May Robson,111,English,https://www.imdb.com//title/tt0029606/
Alexander Njefski,7.5,1938,Nikolay Cherkasov;Nikolai Okhlopkov;Andrei Abrikosov;Dmitriy Orlov,112,Russian,https://www.imdb.com//title/tt0029850/
Het dierlijke in de mens,7.6,1938,Jean Gabin;Julien Carette;Simone Simon;Fernand Ledoux,100,French,https://www.imdb.com//title/tt0029957/
Een gevaarlijke vrouw,7.5,1938,Bette Davis;Henry Fonda;George Brent;Margaret Lindsay,104,English;French,https://www.imdb.com//title/tt0030287/
A Christmas Carol,7.5,1938,Reginald Owen;Gene Lockhart;Kathleen Lockhart;Terry Kilburn,69,English,https://www.imdb.com//title/tt0029992/
Jongensstad,7.2,1938,Spencer Tracy;Mickey Rooney;Henry Hull;Leslie Fenton,96,English;Hebrew,https://www.imdb.com//title/tt0029942/
The Little Princess,7.2,1939,Shirley Temple;Richard Greene;Anita Louise;Ian Hunter,93,English;Hindi,https://www.imdb.com//title/tt0031580/
Love Affair,7.3,1939,Irene Dunne;Charles Boyer;Maria Ouspenskaya;Lee Bowman,88,English;French,https://www.imdb.com//title/tt0031593/
Gunga Din,7.3,1939,Cary Grant;Joan Fontaine;Victor McLaglen;Douglas Fairbanks Jr.,117,English,https://www.imdb.com//title/tt0031398/
The Adventures of Sherlock Holmes,7.3,1939,Basil Rathbone;Nigel Bruce;Ida Lupino;Alan Marshal,85,English,https://www.imdb.com//title/tt0031022/
De hond van de Baskervilles,7.4,1939,Basil Rathbone;Nigel Bruce;Richard Greene;Wendy Barrie,80,English,https://www.imdb.com//title/tt0031448/
The Westerner,7.3,1940,Gary Cooper;Walter Brennan;Doris Davenport;Fred Stone,100,English,https://www.imdb.com//title/tt0033253/
Duistere wegen,7.3,1940,George Raft;Humphrey Bogart;Ann Sheridan;Ida Lupino,95,English,https://www.imdb.com//title/tt0033149/
Wie van mijn vrouwtjes?,7.3,1940,Irene Dunne;Cary Grant;Randolph Scott;Gail Patrick,88,English,https://www.imdb.com//title/tt0029284/
De dief van Bagdad,7.4,1940,Conrad Veidt;Sabu;June Duprez;John Justin,106,English,https://www.imdb.com//title/tt0033152/
Tweestrijd der gevoelens,7.4,1940,Greer Garson;Laurence Olivier;Mary Boland;Edna May Oliver,118,English,https://www.imdb.com//title/tt0032943/
Dumbo,7.3,1941,Sterling Holloway;Edward Brophy;Herman Bing;Billy Bletcher,64,English,https://www.imdb.com//title/tt0033563/
The Wolf Man,7.2,1941,Claude Rains;Warren William;Ralph Bellamy;Patric Knowles,70,English,https://www.imdb.com//title/tt0034398/
Detective tegen wil en dank,7.2,1941,William Powell;Myrna Loy;Barry Nelson;Donna Reed,97,English,https://www.imdb.com//title/tt0034172/
Tot aan de laatste man,7.2,1941,Errol Flynn;Olivia de Havilland;Arthur Kennedy;Charley Grapewin,140,English,https://www.imdb.com//title/tt0034277/
Man Hunt,7.2,1941,Walter Pidgeon;Joan Bennett;George Sanders;John Carradine,105,English;German,https://www.imdb.com//title/tt0033873/
Woman of the Year,7.2,1942,Spencer Tracy;Katharine Hepburn;Fay Bainter;Reginald Owen,114,English;French;Russian;German;Spanish;Greek,https://www.imdb.com//title/tt0035567/
Cat People,7.2,1942,Simone Simon;Tom Conway;Kent Smith;Jane Randolph,73,English;Czech;Serbian,https://www.imdb.com//title/tt0034587/
Het schip waarop wij vochten,7.2,1942,Noël Coward;John Mills;Bernard Miles;Celia Johnson,115,English,https://www.imdb.com//title/tt0034891/
Bambi,7.3,1942,Hardie Albright;Stan Alexander;Bobette Audrey;Peter Behn,70,English,https://www.imdb.com//title/tt0034492/
The Major and the Minor,7.4,1942,Ginger Rogers;Ray Milland;Rita Johnson;Robert Benchley,100,English,https://www.imdb.com//title/tt0035019/
Heaven Can Wait,7.4,1943,Gene Tierney;Don Ameche;Charles Coburn;Marjorie Main,112,English;French,https://www.imdb.com//title/tt0035979/
Hangmen Also Die!,7.4,1943,Brian Donlevy;Walter Brennan;Anna Lee;Gene Lockhart,134,English;German,https://www.imdb.com//title/tt0035966/
Sahara,7.5,1943,Humphrey Bogart;Bruce Bennett;J. Carrol Naish;Lloyd Bridges,97,English;German;Italian;French,https://www.imdb.com//title/tt0036323/
Lassie komt thuis,7.2,1943,Roddy McDowall;Donald Crisp;May Whitty;Edmund Gwenn,89,English,https://www.imdb.com//title/tt0036098/
Five Graves to Cairo,7.3,1943,Franchot Tone;Anne Baxter;Akim Tamiroff;Erich von Stroheim,96,English;German,https://www.imdb.com//title/tt0035884/
The Scarlet Claw,7.2,1944,Basil Rathbone;Nigel Bruce;Gerald Hamer;Paul Cavanagh,74,English,https://www.imdb.com//title/tt0037248/
Thirty Seconds Over Tokyo,7.2,1944,Spencer Tracy;Van Johnson;Robert Walker;Tim Murdock,138,English;Mandarin,https://www.imdb.com//title/tt0037366/
The Uninvited,7.3,1944,Ray Milland;Ruth Hussey;Donald Crisp;Cornelia Otis Skinner,99,English;Spanish,https://www.imdb.com//title/tt0037415/
National Velvet,7.3,1944,Mickey Rooney;Elizabeth Taylor;Donald Crisp;Anne Revere,123,English,https://www.imdb.com//title/tt0037120/
The Thin Man Goes Home,7.3,1944,William Powell;Myrna Loy;Lucile Watson;Gloria DeHaven,100,English,https://www.imdb.com//title/tt0037365/
The Bells of St. Mary's,7.2,1945,Bing Crosby;Ingrid Bergman;Henry Travers;William Gargan,126,English,https://www.imdb.com//title/tt0037536/
Ontsnapping van Corregidor,7.2,1945,Robert Montgomery;John Wayne;Donna Reed;Jack Holt,135,English,https://www.imdb.com//title/tt0038160/
The Body Snatcher,7.3,1945,Boris Karloff;Bela Lugosi;Henry Daniell;Edith Atwater,78,English,https://www.imdb.com//title/tt0037549/
Detour,7.3,1945,Tom Neal;Ann Savage;Claudia Drake;Edmund MacDonald,68,English,https://www.imdb.com//title/tt0037638/
And Then There Were None,7.4,1945,Barry Fitzgerald;Walter Huston;Louis Hayward;Roland Young,97,English,https://www.imdb.com//title/tt0037515/
The Razor's Edge,7.3,1946,Tyrone Power;Gene Tierney;John Payne;Anne Baxter,145,English;French,https://www.imdb.com//title/tt0038873/
De wenteltrap,7.3,1946,Dorothy McGuire;George Brent;Ethel Barrymore;Kent Smith,83,English,https://www.imdb.com//title/tt0038975/
The Strange Love of Martha Ivers,7.4,1946,Barbara Stanwyck;Van Heflin;Lizabeth Scott;Kirk Douglas,116,English,https://www.imdb.com//title/tt0038988/
The Yearling,7.2,1946,Gregory Peck;Jane Wyman;Claude Jarman Jr.;Chill Wills,128,English,https://www.imdb.com//title/tt0039111/
The Stranger,7.3,1946,Orson Welles;Edward G. Robinson;Loretta Young;Philip Merivale,95,English;Spanish;French,https://www.imdb.com//title/tt0038991/
The Bachelor and the Bobby-Soxer,7.2,1947,Cary Grant;Myrna Loy;Shirley Temple;Rudy Vallee,95,English;French,https://www.imdb.com//title/tt0039169/
Gentleman's Agreement,7.2,1947,Gregory Peck;Dorothy McGuire;John Garfield;Celeste Holm,118,English,https://www.imdb.com//title/tt0039416/
Born to Kill,7.2,1947,Claire Trevor;Lawrence Tierney;Walter Slezak;Phillip Terry,92,English;Latin;French,https://www.imdb.com//title/tt0039211/
Kruisverhoor,7.3,1947,Robert Young;Robert Mitchum;Robert Ryan;Gloria Grahame,86,English,https://www.imdb.com//title/tt0039286/
Kus des doods,7.4,1947,Victor Mature;Brian Donlevy;Coleen Gray;Richard Widmark,99,English,https://www.imdb.com//title/tt0039536/
Force of Evil,7.2,1948,John Garfield;Thomas Gomez;Marie Windsor;Howland Chamberlain,79,English,https://www.imdb.com//title/tt0040366/
De villa onzer dromen,7.2,1948,Cary Grant;Myrna Loy;Melvyn Douglas;Reginald Denny,94,English,https://www.imdb.com//title/tt0040613/
Brighton Rock,7.3,1948,Richard Attenborough;Hermione Baddeley;William Hartnell;Harcourt Williams,92,English,https://www.imdb.com//title/tt0039220/
"Sorry, Wrong Number",7.3,1948,Barbara Stanwyck;Burt Lancaster;Ann Richards;Wendell Corey,89,English,https://www.imdb.com//title/tt0040823/
Een avontuur in Berlijn,7.3,1948,Jean Arthur;Marlene Dietrich;John Lund;Millard Mitchell,116,English;German,https://www.imdb.com//title/tt0040367/
De heldhaftige stormloop,7.2,1949,John Wayne;Joanne Dru;John Agar;Ben Johnson,104,English,https://www.imdb.com//title/tt0041866/
Whiskey als water,7.2,1949,Basil Radford;Joan Greenwood;Catherine Lacey;Bruce Seton,82,English;Gaelic,https://www.imdb.com//title/tt0042040/
D.O.A.,7.2,1949,Edmond O'Brien;Pamela Britton;Luther Adler;Beverly Garland,83,English,https://www.imdb.com//title/tt0042369/
Holiday Affair,7.2,1949,Robert Mitchum;Janet Leigh;Wendell Corey;Gordon Gebert,87,English,https://www.imdb.com//title/tt0041473/
Het is feest vandaag,7.2,1949,Jacques Tati;Guy Decomble;Paul Frankeur;Santa Relli,70,French,https://www.imdb.com//title/tt0040497/
De gebroken pijl,7.2,1950,James Stewart;Jeff Chandler;Debra Paget;Basil Ruysdael,93,English;Apache languages,https://www.imdb.com//title/tt0042286/
Paniek op straat,7.2,1950,Richard Widmark;Paul Douglas;Barbara Bel Geddes;Jack Palance,96,English;Mandarin;Greek,https://www.imdb.com//title/tt0042832/
Father of the Bride,7.2,1950,Spencer Tracy;Joan Bennett;Elizabeth Taylor;Don Taylor,92,English,https://www.imdb.com//title/tt0042451/
Stromboli (Terra di Dio),7.2,1950,Ingrid Bergman;Mario Vitale;Renzo Cesana;Mario Sponzo,107,Italian;English;Spanish;German;French,https://www.imdb.com//title/tt0041931/
Cinderella,7.3,1950,Ilene Woods;James MacDonald;Eleanor Audley;Verna Felton,74,English,https://www.imdb.com//title/tt0042332/
Een amerikan in Parijs,7.2,1951,Gene Kelly;Leslie Caron;Oscar Levant;Georges Guétary,114,English;French;German,https://www.imdb.com//title/tt0043278/
Quo Vadis,7.2,1951,Robert Taylor;Deborah Kerr;Leo Genn;Peter Ustinov,171,English,https://www.imdb.com//title/tt0043949/
Hakuchi,7.2,1951,Setsuko Hara;Masayuki Mori;Toshirô Mifune;Yoshiko Kuga,166,Japanese,https://www.imdb.com//title/tt0043614/
Captain Horatio Hornblower,7.3,1951,Gregory Peck;Virginia Mayo;Robert Beatty;Moultrie Kelsall,117,English;French;Spanish,https://www.imdb.com//title/tt0043379/
On Dangerous Ground,7.3,1951,Ida Lupino;Robert Ryan;Ward Bond;Charles Kemper,82,English,https://www.imdb.com//title/tt0043879/
In de greep van de angst,7.5,1952,Joan Crawford;Jack Palance;Gloria Grahame;Bruce Bennett,110,English,https://www.imdb.com//title/tt0045205/
De laatste grens,7.3,1952,James Stewart;Rock Hudson;Arthur Kennedy;Julie Adams,91,English,https://www.imdb.com//title/tt0044413/
Lo sceicco bianco,7.2,1952,Alberto Sordi;Giulietta Masina;Brunella Bovo;Leopoldo Trieste,86,Italian,https://www.imdb.com//title/tt0044000/
Kansas City Confidential,7.3,1952,John Payne;Coleen Gray;Preston Foster;Neville Brand,99,English;Spanish,https://www.imdb.com//title/tt0044789/
Viva Zapata!,7.3,1952,Marlon Brando;Jean Peters;Anthony Quinn;Joseph Wiseman,113,English;Spanish,https://www.imdb.com//title/tt0045296/
Calamity Jane,7.2,1953,Doris Day;Howard Keel;Allyn Ann McLerie;Philip Carey,101,English,https://www.imdb.com//title/tt0045591/
Angel Face,7.2,1953,Robert Mitchum;Jean Simmons;Mona Freeman;Herbert Marshall,91,English;Japanese,https://www.imdb.com//title/tt0044357/
Ik beken,7.3,1953,Montgomery Clift;Anne Baxter;Karl Malden;Brian Aherne,95,English;French;Italian;German,https://www.imdb.com//title/tt0045897/
Opgejaagd,7.3,1953,James Stewart;Janet Leigh;Robert Ryan;Ralph Meeker,91,English,https://www.imdb.com//title/tt0044953/
Julius Caesar,7.3,1953,Louis Calhern;Marlon Brando;James Mason;John Gielgud,120,English,https://www.imdb.com//title/tt0045943/
"20,000 Leagues Under the Sea",7.2,1954,Kirk Douglas;James Mason;Paul Lukas;Peter Lorre,127,English,https://www.imdb.com//title/tt0046672/
Them!,7.2,1954,James Whitmore;Edmund Gwenn;Joan Weldon;James Arness,94,English,https://www.imdb.com//title/tt0047573/
Animal Farm,7.2,1954,Gordon Heath;Maurice Denham,72,English,https://www.imdb.com//title/tt0047834/
De pas des doods,7.2,1954,James Stewart;Ruth Roman;Corinne Calvet;Walter Brennan,97,English,https://www.imdb.com//title/tt0048055/
The Glenn Miller Story,7.3,1954,James Stewart;June Allyson;Harry Morgan;Charles Drake,115,English,https://www.imdb.com//title/tt0047030/
Zoku Miyamoto Musashi: Ichijôji no kettô,7.3,1955,Toshirô Mifune;Mariko Okada;Kôji Tsuruta;Kaoru Yachigusa,104,Japanese,https://www.imdb.com//title/tt0048579/
The Man with the Golden Arm,7.3,1955,Frank Sinatra;Kim Novak;Eleanor Parker;Arnold Stang,119,English,https://www.imdb.com//title/tt0048347/
Mr. Arkadin,7.2,1955,Orson Welles;Peter van Eyck;Michael Redgrave;Patricia Medina,93,English;German;French;Polish;Latin,https://www.imdb.com//title/tt0048393/
De man uit Laramie,7.3,1955,James Stewart;Arthur Kennedy;Donald Crisp;Cathy O'Donnell,103,English,https://www.imdb.com//title/tt0048342/
Het duivelscomplot,7.3,1955,Cornel Wilde;Richard Conte;Jean Wallace;Brian Donlevy,87,English;Swedish;Latin;German,https://www.imdb.com//title/tt0047878/
Moby Dick,7.3,1956,Gregory Peck;Richard Basehart;Leo Genn;James Robertson Justice,116,English,https://www.imdb.com//title/tt0049513/
Friendly Persuasion,7.3,1956,Gary Cooper;Dorothy McGuire;Anthony Perkins;Richard Eyer,137,English,https://www.imdb.com//title/tt0049233/
Baby Doll,7.3,1956,Karl Malden;Carroll Baker;Eli Wallach;Mildred Dunnock,114,English;Italian,https://www.imdb.com//title/tt0048973/
Het leven van Vincent van Gogh,7.3,1956,Kirk Douglas;Anthony Quinn;James Donald;Pamela Brown,122,English,https://www.imdb.com//title/tt0049456/
The King and I,7.4,1956,Yul Brynner;Deborah Kerr;Rita Moreno;Martin Benson,133,English;Thai,https://www.imdb.com//title/tt0049408/
De ontembaren,7.2,1957,Burt Lancaster;Kirk Douglas;Rhonda Fleming;Jo Van Fleet,122,English,https://www.imdb.com//title/tt0050468/
Ariane,7.2,1957,Gary Cooper;Audrey Hepburn;Maurice Chevalier;John McGiver,130,English;French,https://www.imdb.com//title/tt0050658/
Desk Set,7.2,1957,Spencer Tracy;Katharine Hepburn;Gig Young;Joan Blondell,103,English,https://www.imdb.com//title/tt0050307/
The Three Faces of Eve,7.2,1957,Joanne Woodward;David Wayne;Lee J. Cobb;Edwin Jerome,91,English,https://www.imdb.com//title/tt0051077/
Peyton Place,7.2,1957,Lana Turner;Lee Philips;Lloyd Nolan;Arthur Kennedy,157,English,https://www.imdb.com//title/tt0050839/
"Run Silent, Run Deep",7.3,1958,Clark Gable;Burt Lancaster;Jack Warden;Brad Dexter,93,English;Japanese,https://www.imdb.com//title/tt0052151/
"The Long, Hot Summer",7.3,1958,Paul Newman;Joanne Woodward;Anthony Franciosa;Orson Welles,115,English,https://www.imdb.com//title/tt0051878/
The Young Lions,7.2,1958,Marlon Brando;Montgomery Clift;Dean Martin;Hope Lange,167,English;French;German,https://www.imdb.com//title/tt0052415/
Shadows,7.2,1958,Ben Carruthers;Lelia Goldoni;Hugh Hurd;Anthony Ray,81,English,https://www.imdb.com//title/tt0053270/
Dracula,7.3,1958,Peter Cushing;Christopher Lee;Michael Gough;Melissa Stribling,82,English,https://www.imdb.com//title/tt0051554/
Our Man in Havana,7.2,1959,Alec Guinness;Maureen O'Hara;Burl Ives;Ernie Kovacs,103,English;Spanish,https://www.imdb.com//title/tt0054152/
Operatie Petticoat,7.2,1959,Cary Grant;Tony Curtis;Joan O'Brien;Dina Merrill,124,English,https://www.imdb.com//title/tt0053143/
Last Train from Gun Hill,7.3,1959,Kirk Douglas;Anthony Quinn;Carolyn Jones;Earl Holliman,95,English,https://www.imdb.com//title/tt0052993/
Doornroosje,7.3,1959,Mary Costa;Bill Shirley;Eleanor Audley;Verna Felton,75,English,https://www.imdb.com//title/tt0053285/
Het dagboek van Anne Frank,7.4,1959,Millie Perkins;Shelley Winters;Joseph Schildkraut;Richard Beymer,180,English;German,https://www.imdb.com//title/tt0052738/
Tirez sur le pianiste,7.4,1960,Charles Aznavour;Marie Dubois;Nicole Berger;Michèle Mercier,81,French;English,https://www.imdb.com//title/tt0054389/
De bruiden der Morlock monsters,7.5,1960,Rod Taylor;Alan Young;Yvette Mimieux;Sebastian Cabot,103,English,https://www.imdb.com//title/tt0054387/
Village of the Damned,7.3,1960,George Sanders;Barbara Shelley;Michael Gwynn;Laurence Naismith,77,English,https://www.imdb.com//title/tt0054443/
Pote tin Kyriaki,7.3,1960,Melina Mercouri;Jules Dassin;Giorgos Foundas;Titos Vandis,91,English;Greek;Russian,https://www.imdb.com//title/tt0054198/
Pollyanna,7.4,1960,Jane Wyman;Hayley Mills;Richard Egan;Karl Malden,134,English,https://www.imdb.com//title/tt0054195/
El Cid,7.2,1961,Charlton Heston;Sophia Loren;Raf Vallone;Geneviève Page,182,Italian;Arabic;English;Latin,https://www.imdb.com//title/tt0054847/
Een fijn stel dochters,7.2,1961,Hayley Mills;Maureen O'Hara;Brian Keith;Charles Ruggles,129,English,https://www.imdb.com//title/tt0055277/
The Misfits,7.2,1961,Clark Gable;Marilyn Monroe;Montgomery Clift;Thelma Ritter,125,English,https://www.imdb.com//title/tt0055184/
Een pyjama voor Twee,7.2,1961,Rock Hudson;Doris Day;Tony Randall;Edie Adams,107,English,https://www.imdb.com//title/tt0055100/
The Day the Earth Caught Fire,7.2,1961,Edward Judd;Janet Munro;Leo McKern;Michael Goodliffe,99,English,https://www.imdb.com//title/tt0054790/
Sweet Bird of Youth,7.2,1962,Paul Newman;Geraldine Page;Shirley Knight;Ed Begley,120,English,https://www.imdb.com//title/tt0056541/
Mutiny on the Bounty,7.2,1962,Marlon Brando;Trevor Howard;Richard Harris;Hugh Griffith,178,English;Polynesian;French;Dutch,https://www.imdb.com//title/tt0056264/
De stem in het duister,7.2,1962,Glenn Ford;Lee Remick;Stefanie Powers;Roy Poole,123,English;Cantonese,https://www.imdb.com//title/tt0055972/
Dr. No,7.2,1962,Sean Connery;Ursula Andress;Bernard Lee;Joseph Wiseman,110,English;French,https://www.imdb.com//title/tt0055928/
Ride the High Country,7.4,1962,Joel McCrea;Randolph Scott;Mariette Hartley;Ron Starr,94,English;Chinese,https://www.imdb.com//title/tt0056412/
Jason and the Argonauts,7.3,1963,Todd Armstrong;Nancy Kovack;Gary Raymond;Laurence Naismith,104,English,https://www.imdb.com//title/tt0057197/
Billy Liar,7.3,1963,Tom Courtenay;Julie Christie;Wilfred Pickles;Mona Washbourne,98,English,https://www.imdb.com//title/tt0056868/
Ieri oggi domani,7.2,1963,Sophia Loren;Marcello Mastroianni;Aldo Giuffrè;Agostino Salvietti,117,Italian,https://www.imdb.com//title/tt0057171/
The Sword in the Stone,7.2,1963,Rickie Sorensen;Sebastian Cabot;Karl Swenson;Junius Matthews,79,English,https://www.imdb.com//title/tt0057546/
Murder at the Gallop,7.2,1963,Margaret Rutherford;Stringer Davis;Robert Morley;Flora Robson,81,English,https://www.imdb.com//title/tt0057334/
The Naked Kiss,7.2,1964,Constance Towers;Anthony Eisley;Michael Dante;Virginia Grey,90,English,https://www.imdb.com//title/tt0058390/
The Americanization of Emily,7.3,1964,James Garner;Julie Andrews;Melvyn Douglas;James Coburn,115,English,https://www.imdb.com//title/tt0057840/
Dead Ringer,7.3,1964,Bette Davis;Karl Malden;Peter Lawford;Philip Carey,116,English,https://www.imdb.com//title/tt0057997/
Gertrud,7.3,1964,Nina Pens Rode;Bendt Rothe;Ebbe Rode;Baard Owe,116,Danish,https://www.imdb.com//title/tt0058138/
Father Goose,7.4,1964,Cary Grant;Leslie Caron;Trevor Howard;Jack Good,118,English;French;Japanese,https://www.imdb.com//title/tt0058092/
Help!,7.2,1965,John Lennon;Paul McCartney;George Harrison;Ringo Starr,92,English,https://www.imdb.com//title/tt0059260/
The Great Race,7.2,1965,Tony Curtis;Natalie Wood;Jack Lemmon;Peter Falk,160,English,https://www.imdb.com//title/tt0059243/
The Cincinnati Kid,7.2,1965,Steve McQueen;Ann-Margret;Edward G. Robinson;Karl Malden,102,English,https://www.imdb.com//title/tt0059037/
Ipcress... Streng geheim,7.2,1965,Michael Caine;Nigel Green;Guy Doleman;Sue Lloyd,109,English;Albanian,https://www.imdb.com//title/tt0059319/
Mirage,7.2,1965,Gregory Peck;Diane Baker;Walter Matthau;Kevin McCarthy,108,English,https://www.imdb.com//title/tt0059448/
The Chase,7.2,1966,Marlon Brando;Jane Fonda;Robert Redford;E.G. Marshall,134,English;Spanish,https://www.imdb.com//title/tt0060232/
Born Free,7.2,1966,Virginia McKenna;Bill Travers;Geoffrey Keen;Peter Lukoye,95,English,https://www.imdb.com//title/tt0060182/
Fahrenheit 451,7.2,1966,Oskar Werner;Julie Christie;Cyril Cusack;Anton Diffring,112,English,https://www.imdb.com//title/tt0060390/
Grand Prix,7.2,1966,James Garner;Eva Marie Saint;Yves Montand;Toshirô Mifune,176,English;French;Italian;Japanese,https://www.imdb.com//title/tt0060472/
Django,7.2,1966,Franco Nero;José Canalejas;José Bódalo;Loredana Nusciak,91,Italian,https://www.imdb.com//title/tt0060315/
The Night of the Generals,7.2,1967,Peter O'Toole;Omar Sharif;Tom Courtenay;Donald Pleasence,148,English;Italian;Spanish;French;German,https://www.imdb.com//title/tt0062038/
Far from the Madding Crowd,7.2,1967,Julie Christie;Peter Finch;Alan Bates;Terence Stamp,168,English,https://www.imdb.com//title/tt0061648/
Viy,7.3,1967,Leonid Kuravlyov;Natalya Varley;Aleksey Glazyrin;Nikolay Kutuzov,77,Russian,https://www.imdb.com//title/tt0062453/
La collectionneuse,7.3,1967,Patrick Bauchau;Haydée Politoff;Daniel Pommereulle;Alain Jouffroy,89,Italian;French;English,https://www.imdb.com//title/tt0061495/
Koroshi no rakuin,7.3,1967,Jô Shishido;Mariko Ogawa;Annu Mari;Kôji Nanbara,91,Japanese;English,https://www.imdb.com//title/tt0061882/
Targets,7.3,1968,Tim O'Kelly;Boris Karloff;Arthur Peterson;Monte Landis,90,English,https://www.imdb.com//title/tt0063671/
"Yours, Mine and Ours",7.2,1968,Lucille Ball;Henry Fonda;Van Johnson;Louise Troy,111,English;French;Cantonese;Japanese,https://www.imdb.com//title/tt0063829/
Hell in the Pacific,7.3,1968,Lee Marvin;Toshirô Mifune,103,English;Japanese,https://www.imdb.com//title/tt0063056/
La mariée était en noir,7.2,1968,Jeanne Moreau;Jean-Claude Brialy;Michel Bouquet;Charles Denner,107,French,https://www.imdb.com//title/tt0061955/
Asterix en Cleopatra,7.2,1968,Roger Carel;Jacques Morel;Micheline Dax;Jacques Balutin,72,French,https://www.imdb.com//title/tt0062687/
De Cactusbloem,7.2,1969,Walter Matthau;Ingrid Bergman;Goldie Hawn;Jack Weston,104,English,https://www.imdb.com//title/tt0064117/
Pak de poen en smeer 'm,7.2,1969,Woody Allen;Janet Margolin;Marcel Hillaire;Jacquelyn Hyde,85,English;Yiddish,https://www.imdb.com//title/tt0065063/
The Italian Job,7.2,1969,Michael Caine;Noël Coward;Benny Hill;Raf Vallone,99,English;Italian,https://www.imdb.com//title/tt0064505/
Easy Rider,7.3,1969,Peter Fonda;Dennis Hopper;Jack Nicholson;Antonio Mendoza,95,"English;Spanish;Greek, Ancient (to 1453)",https://www.imdb.com//title/tt0064276/
De eenogige sheriff,7.4,1969,John Wayne;Kim Darby;Glen Campbell;Jeremy Slate,128,English,https://www.imdb.com//title/tt0065126/
Deep End,7.2,1970,Jane Asher;John Moulder-Brown;Karl Michael Vogler;Christopher Sandford,92,English,https://www.imdb.com//title/tt0066122/
Husbands,7.2,1970,Ben Gazzara;Peter Falk;John Cassavetes;Jenny Runacre,154,English;French;Italian;Cantonese,https://www.imdb.com//title/tt0065867/
Waterloo,7.2,1970,Rod Steiger;Christopher Plummer;Orson Welles;Jack Hawkins,134,English,https://www.imdb.com//title/tt0066549/
El Topo,7.2,1970,Alejandro Jodorowsky;Brontis Jodorowsky;José Legarreta;Alfonso Arau,125,Spanish,https://www.imdb.com//title/tt0067866/
The Ballad of Cable Hogue,7.2,1970,Jason Robards;Stella Stevens;David Warner;Strother Martin,121,English,https://www.imdb.com//title/tt0065446/
The Hospital,7.2,1971,George C. Scott;Diana Rigg;Barnard Hughes;Richard Dysart,103,English,https://www.imdb.com//title/tt0067217/
The Go-Between,7.2,1971,Julie Christie;Alan Bates;Dominic Guard;Margaret Leighton,116,English,https://www.imdb.com//title/tt0067144/
Two-Lane Blacktop,7.2,1971,James Taylor;Warren Oates;Laurie Bird;Dennis Wilson,102,English,https://www.imdb.com//title/tt0067893/
Continuavano a chiamarlo Trinità,7.2,1971,Terence Hill;Bud Spencer;Yanti Somer;Enzo Tarascio,117,Italian;English;Latin,https://www.imdb.com//title/tt0068154/
Vanishing Point,7.2,1971,Barry Newman;Cleavon Little;Charlotte Rampling;Dean Jagger,99,English,https://www.imdb.com//title/tt0067927/
De grote blonde met één zwarte schoen,7.2,1972,Pierre Richard;Bernard Blier;Jean Rochefort;Mireille Darc,90,French;English,https://www.imdb.com//title/tt0068655/
Avanti!,7.2,1972,Jack Lemmon;Juliet Mills;Clive Revill;Edward Andrews,144,English;Italian,https://www.imdb.com//title/tt0068240/
Vlinders zijn vrij,7.2,1972,Goldie Hawn;Edward Albert;Eileen Heckart;Paul Michael Glaser,109,English,https://www.imdb.com//title/tt0068326/
The Way of the Dragon,7.2,1972,Bruce Lee;Chuck Norris;Nora Miao;Ping-Ou Wei,99,Mandarin;Cantonese;English;Italian,https://www.imdb.com//title/tt0068935/
Roma,7.3,1972,Britta Barnes;Peter Gonzales Falcon;Fiona Florence;Pia De Doses,120,Italian;German;English;French;Latin;Spanish,https://www.imdb.com//title/tt0069191/
Don't Look Now,7.2,1973,Julie Christie;Donald Sutherland;Hilary Mason;Clelia Matania,110,English;Italian,https://www.imdb.com//title/tt0069995/
Emperor of the North Pole,7.2,1973,Lee Marvin;Ernest Borgnine;Keith Carradine;Charles Tyner,118,English,https://www.imdb.com//title/tt0070030/
Magnum Force,7.2,1973,Clint Eastwood;Hal Holbrook;Mitchell Ryan;David Soul,124,English,https://www.imdb.com//title/tt0070355/
Mean Streets,7.2,1973,Robert De Niro;Harvey Keitel;David Proval;Amy Robinson,112,English;Italian;German,https://www.imdb.com//title/tt0070379/
The Last of Sheila,7.2,1973,Richard Benjamin;James Coburn;James Mason;Dyan Cannon,120,English;French,https://www.imdb.com//title/tt0070291/
California Split,7.2,1974,George Segal;Elliott Gould;Ann Prentiss;Gwen Welles,108,English,https://www.imdb.com//title/tt0071269/
The Yakuza,7.2,1974,Robert Mitchum;Ken Takakura;Brian Keith;Herb Edelman,112,English;Japanese,https://www.imdb.com//title/tt0073918/
Phantom of the Paradise,7.3,1974,Paul Williams;William Finley;Jessica Harper;Gerrit Graham,91,English,https://www.imdb.com//title/tt0071994/
Black Christmas,7.2,1974,Olivia Hussey;Keir Dullea;Margot Kidder;John Saxon,98,English,https://www.imdb.com//title/tt0071222/
Les valseuses,7.2,1974,Gérard Depardieu;Miou-Miou;Patrick Dewaere;Christian Alers,150,French,https://www.imdb.com//title/tt0072353/
Hard Times,7.2,1975,Charles Bronson;James Coburn;Jill Ireland;Strother Martin,93,English,https://www.imdb.com//title/tt0073092/
L'histoire d'Adèle H.,7.3,1975,Isabelle Adjani;Bruce Robinson;Sylvia Marriott;Joseph Blatchley,96,French;English,https://www.imdb.com//title/tt0073114/
The Rocky Horror Picture Show,7.4,1975,Tim Curry;Susan Sarandon;Barry Bostwick;Richard O'Brien,100,English,https://www.imdb.com//title/tt0073629/
Picnic at Hanging Rock,7.4,1975,Rachel Roberts;Anne-Louise Lambert;Vivean Gray;Helen Morse,115,English;French,https://www.imdb.com//title/tt0073540/
Three Days of the Condor,7.4,1975,Robert Redford;Faye Dunaway;Cliff Robertson;Max von Sydow,117,English;French,https://www.imdb.com//title/tt0073802/
Bound for Glory,7.2,1976,David Carradine;Ronny Cox;Melinda Dillon;Gail Strickland,147,English,https://www.imdb.com//title/tt0074235/
The Pink Panther Strikes Again,7.2,1976,Peter Sellers;Herbert Lom;Lesley-Anne Down;Burt Kwouk,103,English,https://www.imdb.com//title/tt0075066/
"Wie dan leeft, wie dan zorgt",7.2,1976,Louis de Funès;Coluche;Ann Zacharias;Julien Guiomar,104,French;English,https://www.imdb.com//title/tt0074103/
Who Can Kill a Child?,7.2,1976,Lewis Fiander;Prunella Ransome;Antonio Iranzo;Miguel Narros,112,English;Spanish;German,https://www.imdb.com//title/tt0075462/
The Killing of a Chinese Bookie,7.3,1976,Ben Gazzara;Timothy Carey;Seymour Cassel;Robert Phillips,135,English,https://www.imdb.com//title/tt0074749/
Der amerikanische Freund,7.4,1977,Dennis Hopper;Bruno Ganz;Lisa Kreuzer;Gérard Blain,128,German;English;French,https://www.imdb.com//title/tt0075675/
Eraserhead,7.3,1977,Jack Nance;Charlotte Stewart;Allen Joseph;Jeanne Bates,89,English,https://www.imdb.com//title/tt0074486/
L'homme qui aimait les femmes,7.4,1977,Charles Denner;Brigitte Fossey;Nelly Borgeaud;Geneviève Fontanel,120,French;English,https://www.imdb.com//title/tt0076155/
Hausu,7.3,1977,Kimiko Ikegami;Miki Jinbo;Kumiko Ohba;Ai Matsubara,88,Japanese,https://www.imdb.com//title/tt0076162/
Slap Shot,7.3,1977,Paul Newman;Michael Ontkean;Strother Martin;Jennifer Warren,123,English,https://www.imdb.com//title/tt0076723/
La Cage aux folles,7.2,1978,Ugo Tognazzi;Michel Serrault;Claire Maurier;Rémi Laurent,97,French,https://www.imdb.com//title/tt0077288/
Grease,7.2,1978,John Travolta;Olivia Newton-John;Stockard Channing;Jeff Conaway,110,English,https://www.imdb.com//title/tt0077631/
Killer of Sheep,7.2,1978,Henry G. Sanders;Kaycee Moore;Charles Bracy;Angela Burnett,80,English,https://www.imdb.com//title/tt0076263/
The Buddy Holly Story,7.2,1978,Gary Busey;Don Stroud;Charles Martin Smith;Conrad Janis,114,English,https://www.imdb.com//title/tt0077280/
"Same Time, Next Year",7.2,1978,Alan Alda;Ellen Burstyn;Ivan Bonar;Bernie Kuby,119,English,https://www.imdb.com//title/tt0078199/
The Great Santini,7.2,1979,Robert Duvall;Blythe Danner;Michael O'Keefe;Lisa Jane Persky,115,English,https://www.imdb.com//title/tt0079239/
Quadrophenia,7.2,1979,Phil Daniels;Leslie Ash;Phil Davis;Mark Wingett,120,English,https://www.imdb.com//title/tt0079766/
Rocky II,7.3,1979,Sylvester Stallone;Talia Shire;Burt Young;Carl Weathers,119,English;Italian,https://www.imdb.com//title/tt0079817/
Tess,7.3,1979,Nastassja Kinski;Peter Firth;Leigh Lawson;John Collin,186,English,https://www.imdb.com//title/tt0080009/
Norma Rae,7.3,1979,Sally Field;Beau Bridges;Ron Leibman;Pat Hingle,114,English,https://www.imdb.com//title/tt0079638/
Sällskapsresan eller Finns det svenskt kaffe på grisfesten,7.2,1980,Lasse Åberg;Lottie Ejebrant;Jon Skolmen;Kim Anderzon,107,Swedish;Norwegian;Spanish,https://www.imdb.com//title/tt0081590/
The Changeling,7.2,1980,George C. Scott;Trish Van Devere;Melvyn Douglas;Jean Marsh,107,English,https://www.imdb.com//title/tt0080516/
Caddyshack,7.2,1980,Chevy Chase;Rodney Dangerfield;Bill Murray;Ted Knight,98,English,https://www.imdb.com//title/tt0080487/
Stardust Memories,7.2,1980,Woody Allen;Charlotte Rampling;Jessica Harper;Marie-Christine Barrault,89,English;French;Persian,https://www.imdb.com//title/tt0081554/
Somewhere in Time,7.2,1980,Christopher Reeve;Jane Seymour;Christopher Plummer;Teresa Wright,103,English,https://www.imdb.com//title/tt0081534/
Diva,7.2,1981,Wilhelmenia Fernandez;Frédéric Andréi;Richard Bohringer;Thuy An Luu,117,French;English;Italian;Latin,https://www.imdb.com//title/tt0082269/
La femme d'à côté,7.2,1981,Gérard Depardieu;Fanny Ardant;Henri Garcin;Michèle Baumgartner,106,English;French,https://www.imdb.com//title/tt0082370/
La chèvre,7.3,1981,Pierre Richard;Gérard Depardieu;Pedro Armendáriz Jr.;Corynne Charbit,90,French;Spanish;English,https://www.imdb.com//title/tt0082183/
Reds,7.3,1981,Warren Beatty;Diane Keaton;Edward Herrmann;Jerzy Kosinski,195,English;Russian;German;French;Finnish;Italian,https://www.imdb.com//title/tt0082979/
The Fox and the Hound,7.3,1981,Mickey Rooney;Kurt Russell;Pearl Bailey;Jack Albertson,83,English,https://www.imdb.com//title/tt0082406/
Frances,7.3,1982,Jessica Lange;Jonathan Banks;Bonnie Bartlett;James Brodhead,140,English,https://www.imdb.com//title/tt0083967/
The Draughtsman's Contract,7.2,1982,Anthony Higgins;Janet Suzman;Anne-Louise Lambert;Hugh Fraser,108,English;German;Dutch,https://www.imdb.com//title/tt0083851/
My Favorite Year,7.3,1982,Peter O'Toole;Mark Linn-Baker;Jessica Harper;Joseph Bologna,92,English,https://www.imdb.com//title/tt0084370/
The Man from Snowy River,7.2,1982,Kirk Douglas;Tom Burlinson;Terence Donovan;Tommy Dysart,102,English,https://www.imdb.com//title/tt0084296/
The World According to Garp,7.2,1982,Robin Williams;Mary Beth Hurt;Glenn Close;John Lithgow,136,English,https://www.imdb.com//title/tt0084917/
Educating Rita,7.2,1983,Michael Caine;Julie Walters;Michael Williams;Maureen Lipman,110,English,https://www.imdb.com//title/tt0085478/
"Merry Christmas, Mr. Lawrence",7.2,1983,David Bowie;Tom Conti;Ryuichi Sakamoto;Takeshi Kitano,123,English;Japanese,https://www.imdb.com//title/tt0085933/
De vierde man,7.2,1983,Jeroen Krabbé;Renée Soutendijk;Thom Hoffman;Dolf de Vries,102,Dutch,https://www.imdb.com//title/tt0086543/
Strikt vertrouwelijk,7.2,1983,Fanny Ardant;Jean-Louis Trintignant;Jean-Pierre Kalfon;Philippe Laudenbach,110,Albanian;French,https://www.imdb.com//title/tt0086551/
À nos amours,7.2,1983,Sandrine Bonnaire;Maurice Pialat;Christophe Odent;Dominique Besnehard,99,French;English,https://www.imdb.com//title/tt0086650/
Top Secret!,7.2,1984,Val Kilmer;Lucy Gutteridge;Peter Cushing;Jeremy Kemp,90,English;German;Yiddish;Latin;French,https://www.imdb.com//title/tt0088286/
A Soldier's Story,7.2,1984,Howard E. Rollins Jr.;Adolph Caesar;Art Evans;David Alan Grier,101,English,https://www.imdb.com//title/tt0088146/
Birdy,7.2,1984,Matthew Modine;Nicolas Cage;John Harkins;Sandy Baron,120,English,https://www.imdb.com//title/tt0086969/
A Passage to India,7.3,1984,Judy Davis;Victor Banerjee;Peggy Ashcroft;James Fox,164,English;Hindi,https://www.imdb.com//title/tt0087892/
Het uur van de waarheid,7.3,1984,Ralph Macchio;Pat Morita;Elisabeth Shue;Martin Kove,126,English;Japanese,https://www.imdb.com//title/tt0087538/
Re-Animator,7.2,1985,Jeffrey Combs;Bruce Abbott;Barbara Crampton;David Gale,84,English;German,https://www.imdb.com//title/tt0089885/
Out of Africa,7.2,1985,Meryl Streep;Robert Redford;Klaus Maria Brandauer;Michael Kitchen,161,Arabic;English;Swahili,https://www.imdb.com//title/tt0089755/
Runaway Train,7.2,1985,Jon Voight;Eric Roberts;Rebecca De Mornay;Kyle T. Heffner,111,English,https://www.imdb.com//title/tt0089941/
Clue,7.2,1985,Eileen Brennan;Tim Curry;Madeline Kahn;Christopher Lloyd,94,English;French,https://www.imdb.com//title/tt0088930/
Mask,7.2,1985,Cher;Eric Stoltz;Sam Elliott;Estelle Getty,120,English,https://www.imdb.com//title/tt0089560/
The Hitcher,7.2,1986,Rutger Hauer;C. Thomas Howell;Jennifer Jason Leigh;Jeffrey DeMunn,97,English;French,https://www.imdb.com//title/tt0091209/
The Great Mouse Detective,7.2,1986,Vincent Price;Barrie Ingham;Val Bettin;Susanne Pollatschek,74,English;French;German;Italian,https://www.imdb.com//title/tt0091149/
Hokuto no Ken,7.2,1986,Akira Kamiya;Yuriko Yamamoto;Kenji Utsumi;Chikao Ôtsuka,110,Japanese,https://www.imdb.com//title/tt0142371/
Ginger e Fred,7.2,1986,Marcello Mastroianni;Giulietta Masina;Franco Fabrizi;Friedrich von Ledebur,125,Italian;English,https://www.imdb.com//title/tt0091113/
True Stories,7.2,1986,David Byrne;John Goodman;Annie McEnroe;Jo Harvey Allen,89,English,https://www.imdb.com//title/tt0092117/
Broadcast News,7.2,1987,William Hurt;Albert Brooks;Holly Hunter;Robert Prosky,133,English;Spanish;French;German,https://www.imdb.com//title/tt0092699/
Barfly,7.2,1987,Mickey Rourke;Faye Dunaway;Alice Krige;Jack Nance,100,English,https://www.imdb.com//title/tt0092618/
The Dead,7.2,1987,Anjelica Huston;Donal McCann;Helena Carroll;Cathleen Delany,83,English;Irish Gaelic,https://www.imdb.com//title/tt0092843/
House of Games,7.2,1987,Lindsay Crouse;Joe Mantegna;Mike Nussbaum;Lilia Skala,102,English;Latin,https://www.imdb.com//title/tt0093223/
Prick Up Your Ears,7.2,1987,Gary Oldman;Alfred Molina;Vanessa Redgrave;Wallace Shawn,105,English,https://www.imdb.com//title/tt0093776/
Eight Men Out,7.2,1988,John Cusack;Clifton James;Jace Alexander;Gordon Clapp,119,English,https://www.imdb.com//title/tt0095082/
Talk Radio,7.2,1988,Eric Bogosian;Ellen Greene;Leslie Hope;John C. McGinley,110,English,https://www.imdb.com//title/tt0096219/
They Live,7.2,1988,Roddy Piper;Keith David;Meg Foster;George 'Buck' Flower,94,English,https://www.imdb.com//title/tt0096256/
Willow,7.2,1988,Val Kilmer;Joanne Whalley;Warwick Davis;Jean Marsh,126,English,https://www.imdb.com//title/tt0096446/
Heathers,7.2,1988,Winona Ryder;Christian Slater;Shannen Doherty;Lisanne Falk,103,English,https://www.imdb.com//title/tt0097493/
"Sex, Lies, and Videotape",7.2,1989,James Spader;Andie MacDowell;Peter Gallagher;Laura San Giacomo,100,English,https://www.imdb.com//title/tt0098724/
Shirley Valentine,7.2,1989,Pauline Collins;Tom Conti;Julia McKenzie;Alison Steadman,108,English,https://www.imdb.com//title/tt0098319/
Major League,7.2,1989,Tom Berenger;Charlie Sheen;Corbin Bernsen;Margaret Whitton,107,English;Spanish;Japanese,https://www.imdb.com//title/tt0097815/
Born on the Fourth of July,7.2,1989,Tom Cruise;Bryan Larkin;Raymond J. Barry;Caroline Kava,145,English;Spanish,https://www.imdb.com//title/tt0096969/
The Unbelievable Truth,7.2,1989,Adrienne Shelly;Robert John Burke;Chris Cooke;Julia McNeal,90,English,https://www.imdb.com//title/tt0100842/
Die Hard 2,7.2,1990,Bruce Willis;William Atherton;Bonnie Bedelia;Reginald VelJohnson,124,English;Spanish,https://www.imdb.com//title/tt0099423/
Pump Up the Volume,7.2,1990,Christian Slater;Samantha Mathis;Anthony Lucero;Andy Romano,102,English,https://www.imdb.com//title/tt0100436/
Avalon,7.2,1990,Aidan Quinn;Elizabeth Perkins;Leo Fuchs;Eve Gordon,128,English;Yiddish,https://www.imdb.com//title/tt0099073/
Wild at Heart,7.2,1990,Nicolas Cage;Laura Dern;Willem Dafoe;J.E. Freeman,125,English;Spanish,https://www.imdb.com//title/tt0100935/
Truly Madly Deeply,7.2,1990,Juliet Stevenson;Alan Rickman;Jenny Howe;Carolyn Choa,106,English,https://www.imdb.com//title/tt0103129/
Flirting,7.2,1991,Noah Taylor;Thandiwe Newton;Nicole Kidman;Bartholomew Rose,99,English,https://www.imdb.com//title/tt0101898/
Rhapsody in August,7.2,1991,Sachiko Murase;Richard Gere;Hisashi Igawa;Narumi Kayashima,98,Japanese;English,https://www.imdb.com//title/tt0101991/
Fei ying gai wak,7.2,1991,Jackie Chan;Carol 'Do Do' Cheng;Eva Cobo;Shôko Ikeda,106,Cantonese,https://www.imdb.com//title/tt0099558/
Wild Hearts Can't Be Broken,7.2,1991,Gabrielle Anwar;Michael Schoeffling;Cliff Robertson;Dylan Kussman,88,English,https://www.imdb.com//title/tt0103262/
Once Upon a Time in China,7.2,1991,Jet Li;Rosamund Kwan;Biao Yuen;Jacky Cheung,134,Cantonese;English;French,https://www.imdb.com//title/tt0103285/
Strictly Ballroom,7.2,1992,Paul Mercurio;Tara Morice;Bill Hunter;Pat Thomson,94,English;Spanish,https://www.imdb.com//title/tt0105488/
Benny's Video,7.2,1992,Arno Frisch;Angela Winkler;Ulrich Mühe;Ingrid Stassner,110,German;English;Arabic;French,https://www.imdb.com//title/tt0103793/
Bitter Moon,7.2,1992,Hugh Grant;Kristin Scott Thomas;Emmanuelle Seigner;Peter Coyote,139,English;French,https://www.imdb.com//title/tt0104779/
A River Runs Through It,7.2,1992,Craig Sheffer;Brad Pitt;Tom Skerritt;Brenda Blethyn,123,English,https://www.imdb.com//title/tt0105265/
Twin Peaks: Fire Walk with Me,7.2,1992,Sheryl Lee;Ray Wise;Mädchen Amick;Dana Ashbrook,134,English,https://www.imdb.com//title/tt0105665/
"In weiter Ferne, so nah!",7.2,1993,Otto Sander;Bruno Ganz;Peter Falk;Horst Buchholz,144,German;French;English;Italian;Russian,https://www.imdb.com//title/tt0107209/
Tai gik Cheung Sam Fung,7.2,1993,Jet Li;Michelle Yeoh;Siu-Ho Chin;Fennie Yuen,96,Cantonese;Mandarin,https://www.imdb.com//title/tt0108281/
The Age of Innocence,7.2,1993,Daniel Day-Lewis;Michelle Pfeiffer;Winona Ryder;Linda Faye Farkas,139,English;Italian;French,https://www.imdb.com//title/tt0106226/
In the Line of Fire,7.2,1993,Clint Eastwood;John Malkovich;Rene Russo;Dylan McDermott,128,English,https://www.imdb.com//title/tt0107206/
Dragon Ball Z: Super Guy in the Galaxy,7.2,1993,Masako Nozawa;Toshio Furukawa;Mayumi Tanaka;Takeshi Kusao,50,Japanese,https://www.imdb.com//title/tt0142238/
Sutorîto faitâ II gekijô-ban,7.2,1994,Kôjiro Shimizu;Kenji Haga;Miki Fujitani;Masane Tsukayama,102,Japanese,https://www.imdb.com//title/tt0114563/
The Hudsucker Proxy,7.2,1994,Tim Robbins;Paul Newman;Jennifer Jason Leigh;Charles Durning,111,English,https://www.imdb.com//title/tt0110074/
Natural Born Killers,7.2,1994,Woody Harrelson;Juliette Lewis;Tom Sizemore;Rodney Dangerfield,119,English;Navajo;Japanese,https://www.imdb.com//title/tt0110632/
Nattevagten,7.2,1994,Nikolaj Coster-Waldau;Sofie Gråbøl;Kim Bodnia;Lotte Andersen,107,Danish;Swedish,https://www.imdb.com//title/tt0110631/
The Madness of King George,7.2,1994,Nigel Hawthorne;Helen Mirren;Rupert Graves;Amanda Donohoe,110,English,https://www.imdb.com//title/tt0110428/
Les trois frères,7.2,1995,Didier Bourdon;Bernard Campan;Pascal Légitimus;Antoine du Merle,105,French,https://www.imdb.com//title/tt0114732/
Strange Days,7.2,1995,Ralph Fiennes;Angela Bassett;Juliette Lewis;Tom Sizemore,145,English,https://www.imdb.com//title/tt0114558/
GoldenEye,7.2,1995,Pierce Brosnan;Sean Bean;Izabella Scorupco;Famke Janssen,130,English;Russian;Spanish,https://www.imdb.com//title/tt0113189/
Xích lô,7.2,1995,Le Van Loc;Tony Chiu-Wai Leung;Nu Yên-Khê Tran;Nhu Quynh Nguyen,123,Vietnamese,https://www.imdb.com//title/tt0112767/
Desperado,7.2,1995,Antonio Banderas;Salma Hayek;Joaquim de Almeida;Cheech Marin,104,English;Spanish,https://www.imdb.com//title/tt0112851/
Brassed Off,7.2,1996,Pete Postlethwaite;Tara Fitzgerald;Ewan McGregor;Stephen Tompkinson,108,English,https://www.imdb.com//title/tt0115744/
Mystery Science Theater 3000: The Movie,7.2,1996,Trace Beaulieu;Michael J. Nelson;Jim Mallon;Kevin Murphy,73,English,https://www.imdb.com//title/tt0117128/
Fire,7.2,1996,Shabana Azmi;Nandita Das;Karishma Jhalani;Ramanjeet Kaur,108,English;Hindi,https://www.imdb.com//title/tt0116308/
Twelfth Night or What You Will,7.2,1996,Helena Bonham Carter;Richard E. Grant;Imogen Stubbs;Steven Mackintosh,134,English,https://www.imdb.com//title/tt0117991/
Box of Moonlight,7.2,1996,John Turturro;Sam Rockwell;Catherine Keener;Lisa Blount,112,English,https://www.imdb.com//title/tt0115738/
Cube,7.2,1997,Nicole de Boer;Maurice Dean Wint;David Hewlett;Andrew Miller,90,English;German;French,https://www.imdb.com//title/tt0123755/
The Apostle,7.2,1997,Robert Duvall;Todd Allen;Paul Bagget;Lenore Banks,134,English,https://www.imdb.com//title/tt0118632/
The Spanish Prisoner,7.2,1997,Steve Martin;Ben Gazzara;Campbell Scott;Ricky Jay,110,English,https://www.imdb.com//title/tt0120176/
Henry Fool,7.2,1997,Thomas Jay Ryan;James Urbaniak;Parker Posey;Maria Porter,137,English,https://www.imdb.com//title/tt0122529/
In the Company of Men,7.2,1997,Aaron Eckhart;Matt Malloy;Stacy Edwards;Michael Martin,97,English;American Sign Language,https://www.imdb.com//title/tt0119361/
The Mighty,7.2,1998,Kieran Culkin;Elden Henson;Sharon Stone;Harry Dean Stanton,100,English,https://www.imdb.com//title/tt0119670/
Without Limits,7.2,1998,Billy Crudup;Donald Sutherland;Monica Potter;Jeremy Sisto,117,English;Finnish;German,https://www.imdb.com//title/tt0119934/
Ringu,7.2,1998,Nanako Matsushima;Miki Nakatani;Yûko Takeuchi;Hitomi Satô,96,Japanese,https://www.imdb.com//title/tt0178868/
Jing Ke ci Qin Wang,7.2,1998,Gong Li;Fengyi Zhang;Zhou Sun;Xiaohe Lü,162,Mandarin,https://www.imdb.com//title/tt0162866/
Smoke Signals,7.2,1998,Adam Beach;Evan Adams;Irene Bedard;Gary Farmer,89,English,https://www.imdb.com//title/tt0120321/
Notting Hill,7.2,1999,Hugh Grant;Julia Roberts;Richard McCabe;Rhys Ifans,124,English;Spanish;French,https://www.imdb.com//title/tt0125439/
Aimée & Jaguar,7.2,1999,Maria Schrader;Juliane Köhler;Johanna Wokalek;Heike Makatsch,125,German,https://www.imdb.com//title/tt0130444/
Hei kek ji wong,7.2,1999,Stephen Chow;Karen Mok;Cecilia Cheung;Man-Tat Ng,85,Cantonese,https://www.imdb.com//title/tt0188766/
Arlington Road,7.2,1999,Jeff Bridges;Tim Robbins;Joan Cusack;Hope Davis,117,English,https://www.imdb.com//title/tt0137363/
Sweet and Lowdown,7.2,1999,Sean Penn;Samantha Morton;Woody Allen;Ben Duncan,95,English,https://www.imdb.com//title/tt0158371/
La comunidad,7.2,2000,Carmen Maura;Eduardo Antuña;María Asquerino;Jesús Bonilla,110,Spanish,https://www.imdb.com//title/tt0255067/
Pay It Forward,7.2,2000,Kevin Spacey;Haley Joel Osment;Helen Hunt;Jay Mohr,123,English,https://www.imdb.com//title/tt0223897/
Chopper,7.2,2000,Eric Bana;Simon Lyndon;Vince Colosimo;Renée Brack,94,English,https://www.imdb.com//title/tt0221073/
Happy Accidents,7.2,2000,Marisa Tomei;Vincent D'Onofrio;Holland Taylor;Mick Weber,110,English,https://www.imdb.com//title/tt0208196/
Men of Honor,7.2,2000,Cuba Gooding Jr.;Robert De Niro;Charlize Theron;Aunjanue Ellis,129,English,https://www.imdb.com//title/tt0203019/
Tape,7.2,2001,Ethan Hawke;Robert Sean Leonard;Uma Thurman,86,English,https://www.imdb.com//title/tt0275719/
Musa,7.2,2001,Jung Woo-sung;Sung-Ki Ahn;Ju Jin-Mo;Ziyi Zhang,158,Korean;Mandarin,https://www.imdb.com//title/tt0275083/
Tmavomodrý svet,7.2,2001,Ondrej Vetchý;Krystof Hádek;Tara Fitzgerald;Charles Dance,112,Czech;German;English;Slovak,https://www.imdb.com//title/tt0244479/
Bella Martha,7.2,2001,Martina Gedeck;Maxime Foerste;Sergio Castellitto;August Zirner,109,German;Italian,https://www.imdb.com//title/tt0246772/
Gosford Park,7.2,2001,Maggie Smith;Ryan Phillippe;Michael Gambon;Kristin Scott Thomas,137,English;Latin,https://www.imdb.com//title/tt0280707/
8 Mile,7.2,2002,Eminem;Brittany Murphy;Kim Basinger;Mekhi Phifer,110,English,https://www.imdb.com//title/tt0298203/
Red Dragon,7.2,2002,Anthony Hopkins;Edward Norton;Ralph Fiennes;Harvey Keitel,124,English;French,https://www.imdb.com//title/tt0289765/
Neko no ongaeshi,7.2,2002,Chizuru Ikewaki;Yoshihiko Hakamada;Aki Maeda;Takayuki Yamada,75,Japanese;English,https://www.imdb.com//title/tt0347618/
He Loves Me. He Loves Me Not.,7.2,2002,Audrey Tautou;Samuel Le Bihan;Isabelle Carré;Sophie Guillemin,92,French,https://www.imdb.com//title/tt0291579/
Spirit: Stallion of the Cimarron,7.2,2002,Matt Damon;James Cromwell;Daniel Studi;Chopper Bernet,83,English,https://www.imdb.com//title/tt0166813/
The Dreamers,7.2,2003,Michael Pitt;Louis Garrel;Eva Green;Anna Chancellor,115,English;French,https://www.imdb.com//title/tt0309987/
The Matrix Reloaded,7.2,2003,Keanu Reeves;Laurence Fishburne;Carrie-Anne Moss;Hugo Weaving,138,English;French,https://www.imdb.com//title/tt0234215/
Jigureul jikyeora!,7.2,2003,Shin Ha-kyun;Yun-shik Baek;Jung-min Hwang;Jae-yong Lee,118,Korean,https://www.imdb.com//title/tt0354668/
Cold Mountain,7.2,2003,Jude Law;Nicole Kidman;Renée Zellweger;Eileen Atkins,154,English,https://www.imdb.com//title/tt0159365/
11:14,7.2,2003,Henry Thomas;Colin Hanks;Ben Foster;Patrick Swayze,86,English,https://www.imdb.com//title/tt0331811/
Closer,7.2,2004,Natalie Portman;Jude Law;Clive Owen;Julia Roberts,104,English,https://www.imdb.com//title/tt0376541/
Mean Creek,7.2,2004,Rory Culkin;Ryan Kelley;Scott Mechlowicz;Trevor Morgan,90,English,https://www.imdb.com//title/tt0377091/
Friday Night Lights,7.2,2004,Billy Bob Thornton;Jay Hernandez;Derek Luke;Lucas Black,118,English,https://www.imdb.com//title/tt0390022/
Modigliani,7.2,2004,Andy Garcia;Elsa Zylberstein;Omid Djalili;Hippolyte Girardot,128,English,https://www.imdb.com//title/tt0367188/
Speak,7.2,2004,Kristen Stewart;Elizabeth Perkins;Richard Hagerman;Allison Siko,89,English,https://www.imdb.com//title/tt0378793/
Chandramukhi,7.2,2005,Rajinikanth;Prabhu;Jyotika;Vadivelu,166,Malayalam;Tamil,https://www.imdb.com//title/tt0449869/
Broken Flowers,7.2,2005,Bill Murray;Jessica Lange;Sharon Stone;Julie Delpy,106,English,https://www.imdb.com//title/tt0412019/
Breakfast on Pluto,7.2,2005,Cillian Murphy;Morgan Jones;Eva Birthistle;Liam Neeson,128,English;Irish Gaelic,https://www.imdb.com//title/tt0411195/
Duma,7.2,2005,Alex Michaeletos;Campbell Scott;Hope Davis;Mary Makhatho,100,English,https://www.imdb.com//title/tt0361715/
Tsotsi,7.2,2005,Presley Chweneyagae;Mothusi Magano;Israel Matseke-Zulu;Terry Pheto,95,Zulu;Sotho;Xhosa;Afrikaans;English,https://www.imdb.com//title/tt0468565/
Candy,7.2,2006,Heath Ledger;Abbie Cornish;Geoffrey Rush;Tom Budge,108,English,https://www.imdb.com//title/tt0424880/
Grbavica,7.2,2006,Mirjana Karanovic;Luna Zimic Mijovic;Leon Lucev;Kenan Catic,90,Bosnian,https://www.imdb.com//title/tt0464029/
Death Note - Desu nôto: The Last Name,7.2,2006,Tatsuya Fujiwara;Ken'ichi Matsuyama;Erika Toda;Nana Katase,141,Japanese,https://www.imdb.com//title/tt0810827/
Wristcutters: A Love Story,7.2,2006,Patrick Fugit;Shea Whigham;Tom Waits;Will Arnett,88,English;Russian,https://www.imdb.com//title/tt0477139/
Ha-Buah,7.2,2006,Ohad Knoller;Yousef 'Joe' Sweid;Daniella Wircer;Alon Friedman,117,Hebrew;Arabic;English,https://www.imdb.com//title/tt0476643/
The Mist,7.2,2007,Thomas Jane;Marcia Gay Harden;Laurie Holden;Andre Braugher,126,English,https://www.imdb.com//title/tt0884328/
Mongol,7.2,2007,Tadanobu Asano;Amadu Mamadakov;Khulan Chuluun;Honglei Sun,126,Mongolian;Mandarin,https://www.imdb.com//title/tt0416044/
Molière,7.2,2007,Romain Duris;Fabrice Luchini;Laura Morante;Edouard Baer,120,French,https://www.imdb.com//title/tt0796335/
Bridge to Terabithia,7.2,2007,Josh Hutcherson;AnnaSophia Robb;Zooey Deschanel;Robert Patrick,96,English,https://www.imdb.com//title/tt0398808/
The Hammer,7.2,2007,Adam Carolla;Oswaldo Castillo;Heather Juergensen;Harold House Moore,88,English,https://www.imdb.com//title/tt0814130/
Nothing But the Truth,7.2,2008,Kate Beckinsale;Matt Dillon;Vera Farmiga;Angela Bassett,108,English,https://www.imdb.com//title/tt1073241/
"Definitely, Maybe",7.2,2008,Ryan Reynolds;Rachel Weisz;Abigail Breslin;An Nguyen,112,English,https://www.imdb.com//title/tt0832266/
Defiance,7.2,2008,Daniel Craig;Liev Schreiber;Jamie Bell;Alexa Davalos,137,English;German;Russian,https://www.imdb.com//title/tt1034303/
The Black Balloon,7.2,2008,Rhys Wakefield;Luke Ford;Toni Collette;Erik Thomson,97,English,https://www.imdb.com//title/tt0865297/
The Secret Life of Bees,7.2,2008,Dakota Fanning;Jennifer Hudson;Queen Latifah;Alicia Keys,114,English,https://www.imdb.com//title/tt0416212/
Mother and Child,7.2,2009,Naomi Watts;Annette Bening;Kerry Washington;Alexandria M. Salling,125,English,https://www.imdb.com//title/tt1121977/
The Young Victoria,7.2,2009,Emily Blunt;Rupert Friend;Paul Bettany;Miranda Richardson,105,English;German,https://www.imdb.com//title/tt0962736/
Harry Brown,7.2,2009,Michael Caine;Emily Mortimer;David Bradley;Charlie Creed-Miles,103,English,https://www.imdb.com//title/tt1289406/
The Road,7.2,2009,Viggo Mortensen;Charlize Theron;Kodi Smit-McPhee;Robert Duvall,111,English,https://www.imdb.com//title/tt0898367/
Soul Kitchen,7.2,2009,Adam Bousdoukos;Moritz Bleibtreu;Pheline Roggan;Anna Bederke,99,German;Greek;Spanish;Turkish;English,https://www.imdb.com//title/tt1244668/
The Ghost Writer,7.2,2010,Ewan McGregor;Pierce Brosnan;Olivia Williams;Jon Bernthal,128,English,https://www.imdb.com//title/tt1139328/
Beginners,7.2,2010,Ewan McGregor;Christopher Plummer;Mélanie Laurent;Goran Visnjic,105,English;French,https://www.imdb.com//title/tt1532503/
Des hommes et des dieux,7.2,2010,Lambert Wilson;Michael Lonsdale;Olivier Rabourdin;Philippe Laudenbach,122,French;Arabic,https://www.imdb.com//title/tt1588337/
Le nom des gens,7.2,2010,Sara Forestier;Jacques Gamblin;Zinedine Soualem;Carole Franck,100,French;English;Arabic;Slovak,https://www.imdb.com//title/tt1646974/
Mine vaganti,7.2,2010,Riccardo Scamarcio;Nicole Grimaudo;Alessandro Preziosi;Ennio Fantastichini,110,Italian,https://www.imdb.com//title/tt1405810/
Shame,7.2,2011,Michael Fassbender;Carey Mulligan;James Badge Dale;Lucy Walters,101,English,https://www.imdb.com//title/tt1723811/
Choi-jong-byeong-gi hwal,7.2,2011,Park Hae-il;Seung-ryong Ryu;Mu-Yeol Kim;Moon Chae-Won,122,Korean,https://www.imdb.com//title/tt2025526/
Don 2,7.2,2011,Shah Rukh Khan;Florian Lukas;Om Puri;Priyanka Chopra Jonas,148,Hindi;English;German,https://www.imdb.com//title/tt1285241/
Le Havre,7.2,2011,André Wilms;Blondin Miguel;Jean-Pierre Darroussin;Kati Outinen,93,French,https://www.imdb.com//title/tt1508675/
A Better Life,7.2,2011,Demián Bichir;José Julián;Eddie 'Piolin' Sotelo;Joaquín Cosio,98,English;Spanish,https://www.imdb.com//title/tt1554091/
Barbara,7.2,2012,Nina Hoss;Ronald Zehrfeld;Rainer Bock;Christina Hecke,105,German,https://www.imdb.com//title/tt2178941/
Pitch Perfect,7.2,2012,Anna Kendrick;Brittany Snow;Rebel Wilson;Anna Camp,112,English,https://www.imdb.com//title/tt1981677/
Ruby Sparks,7.2,2012,Paul Dano;Zoe Kazan;Annette Bening;Antonio Banderas,104,English;French,https://www.imdb.com//title/tt1839492/
The Sessions,7.2,2012,John Hawkes;Helen Hunt;William H. Macy;Moon Bloodgood,95,English,https://www.imdb.com//title/tt1866249/
Kon-Tiki,7.2,2012,Pål Sverre Hagen;Anders Baasmo Christiansen;Gustaf Skarsgård;Odd-Magnus Williamson,118,Norwegian;English;French;Swedish;Spanish,https://www.imdb.com//title/tt1613750/
D-Day,7.2,2013,Irrfan Khan;Rishi Kapoor;Arjun Rampal;Shruti Haasan,153,Hindi,https://www.imdb.com//title/tt2385104/
The Croods,7.2,2013,Nicolas Cage;Ryan Reynolds;Emma Stone;Catherine Keener,98,English,https://www.imdb.com//title/tt0481499/
Only Lovers Left Alive,7.2,2013,Tilda Swinton;Tom Hiddleston;Mia Wasikowska;John Hurt,123,English;French;Arabic;Turkish,https://www.imdb.com//title/tt1714915/
La cage dorée,7.2,2013,Rita Blanco;Joaquim de Almeida;Roland Giraud;Chantal Lauby,90,French;Portuguese;English,https://www.imdb.com//title/tt2261749/
Now You See Me,7.2,2013,Jesse Eisenberg;Common;Mark Ruffalo;Woody Harrelson,115,English;French,https://www.imdb.com//title/tt1670345/
Turist,7.2,2014,Johannes Kuhnke;Lisa Loven Kongsli;Clara Wettergren;Vincent Wettergren,120,Swedish;Norwegian;English;French;Italian,https://www.imdb.com//title/tt2121382/
Magical Girl,7.2,2014,José Sacristán;Marina Andruix;Raimundo de los Reyes;Lucía Pollán,127,Spanish,https://www.imdb.com//title/tt3089326/
The Equalizer,7.2,2014,Denzel Washington;Marton Csokas;Chloë Grace Moretz;David Harbour,132,English;Russian;Spanish,https://www.imdb.com//title/tt0455944/
La isla mínima,7.2,2014,Javier Gutiérrez;Raúl Arévalo;María Varod;Perico Cervantes,105,Spanish,https://www.imdb.com//title/tt3253930/
Before I Disappear,7.2,2014,Shawn Christensen;Fatima Ptacek;Emmy Rossum;Paul Wesley,93,English,https://www.imdb.com//title/tt3060492/
Hrútar,7.2,2015,Sigurður Sigurjónsson;Theodór Júlíusson;Charlotte Bøving;Jón Benónýsson,93,Icelandic,https://www.imdb.com//title/tt3296658/
Gabbar Is Back,7.2,2015,Akshay Kumar;Shruti Haasan;Kareena Kapoor;Suman,128,Hindi,https://www.imdb.com//title/tt2424988/
Anomalisa,7.2,2015,David Thewlis;Jennifer Jason Leigh;Tom Noonan,90,English;Italian;Japanese,https://www.imdb.com//title/tt2401878/
NH10,7.2,2015,Anushka Sharma;Neil Bhoopalam;Darshan Kumaar;Deepti Naval,115,Hindi;Haryanvi,https://www.imdb.com//title/tt3742284/
Steve Jobs,7.2,2015,Michael Fassbender;Kate Winslet;Seth Rogen;Jeff Daniels,122,English,https://www.imdb.com//title/tt2080374/
Fan,7.2,2016,Shah Rukh Khan;Shriya Pilgaonkar;Sayani Gupta;Waluscha De Sousa,138,Hindi,https://www.imdb.com//title/tt3495026/
The Light Between Oceans,7.2,2016,Michael Fassbender;Alicia Vikander;Rachel Weisz;Florence Clery,133,English,https://www.imdb.com//title/tt2547584/
Eksi Elmalar,7.2,2016,Yilmaz Erdogan;Farah Zeynep Abdullah;Songül Öden;Sükran Ovali,114,Turkish,https://www.imdb.com//title/tt5985288/
Te3n,7.2,2016,Amitabh Bachchan;Nawazuddin Siddiqui;Vidya Balan;Mukesh Chhabra,136,Hindi,https://www.imdb.com//title/tt4814290/
La pazza gioia,7.2,2016,Valeria Bruni Tedeschi;Micaela Ramazzotti;Valentina Carnelutti;Sergio Albelli,116,Italian;English,https://www.imdb.com//title/tt4621872/
Jai Lava Kusa,7.2,2017,N.T. Rama Rao Jr.;Raashi Khanna;Nivetha Thomas;Ronit Roy,150,Telugu,https://www.imdb.com//title/tt6861726/
Toivon tuolla puolen,7.2,2017,Sherwan Haji;Sakari Kuosmanen;Kaija Pakarinen;Tuomari Nurmio,100,Finnish;English;Arabic;Swedish;Japanese,https://www.imdb.com//title/tt5222918/
Krym,7.1,2017,Roman Kurtsyn;Evgeniya Lapova;Pavel Kraynov;Pavel Trubiner,99,Russian;Ukrainian,https://www.imdb.com//title/tt6990206/
Qarib Qarib Singlle,7.1,2017,Irrfan Khan;Parvathy Thiruvothu;Neha Dhupia;Isha Sharvani,125,Hindi,https://www.imdb.com//title/tt7399470/
Gangcheolbi,7.1,2017,Jung Woo-sung;Kwak Do-won;Kim Kap-su;Eui-sung Kim,139,Korean;Mandarin;English,https://www.imdb.com//title/tt6769508/
Black Mirror: Bandersnatch,7.1,2018,Fionn Whitehead;Craig Parkinson;Alice Lowe;Asim Chaudhry,90,English,https://www.imdb.com//title/tt9495224/
Manyeo,7.1,2018,Kim Da-Mi;Min-soo Jo;Choi Woo-sik;Go Min-Si,125,Korean;English,https://www.imdb.com//title/tt8574252/
Girl,7.1,2018,Victor Polster;Arieh Worthalter;Oliver Bodart;Tijmen Govaerts,105,French;Flemish;English,https://www.imdb.com//title/tt8254556/
Diqiu zuihou de yewan,7.1,2018,Tang Wei;Jue Huang;Sylvia Chang;Hong-Chi Lee,138,Japanese;Mandarin,https://www.imdb.com//title/tt8185182/
Sin-gwa ham-kke: In-gwa yeon,7.1,2018,Ha Jung-woo;Ju Ji-Hoon;Hyang-gi Kim;Ma Dong-seok,142,Korean,https://www.imdb.com//title/tt8116428/
Bad Education,7.1,2019,Hugh Jackman;Ray Romano;Welker White;Allison Janney,108,English,https://www.imdb.com//title/tt8206668/
Il traditore,7.1,2019,Pierfrancesco Favino;Maria Fernanda Cândido;Fabrizio Ferracane;Fausto Russo Alesi,153,Italian;Sicilian;Portuguese;English,https://www.imdb.com//title/tt7736478/
Paddleton,7.1,2019,Christine Woods;Mark Duplass;Ray Romano;Jen Sung,89,English,https://www.imdb.com//title/tt8041276/
Noah Land,7.1,2019,Ali Atay;Haluk Bilginer;Arin Kusaksizoglu;Mehmet Özgür,109,Turkish,https://www.imdb.com//title/tt8090580/
Dronningen,7.1,2019,Trine Dyrholm;Gustav Lindh;Magnus Krepper;Liv Esmår Dannemann,127,Danish;Swedish;English,https://www.imdb.com//title/tt8378126/
